desktop,Name[zh_TW],GenericName[zh_TW],Comment[zh_TW],Name[zh_CN],GenericName[zh_CN],Comment[zh_CN],Categories,,,,,,Name[en_US],GenericName[en_US],Comment[en_US],Categories
#ezgomenu start,,,,,,,,,,,,,,,,
#辦公,,,,,,,,,,,,,,,,
openoffice.org-writer.desktop,文書處理_Writer,類似 Microsoft Word 的文書處理軟體，特別的是可以跨平台使用，並且符合 ODF 國際標準格式,文書處理_Writer,文书处理_Writer,类似MicrosoftWord的文书处理软件，特别的是可以跨平台使用，并且符合ODF国际标准格式,文书处理_Writer,Office,,,,,,Word processing _Writer,It is similar to Microsoft Word and is cross-platform.It uses internation standard ODF format.,Word processing _Writer,Office
openoffice.org-calc.desktop,試算表_Calc,類似 Microsoft Excel 的試算表軟體，特別的是可以跨平台使用，並且符合 ODF 國際標準格式,試算表_Calc,电子表格_Calc,类似MicrosoftExcel的电子表格软件，特别的是可以跨平台使用，并且符合ODF国际标准格式,电子表格_Calc,Office,,,,,,Sheets _Calc,"Similar to Microsoft Excel spreadsheet software,is cross-platform and uses international standard ODF format.",Spreadsheet _Calc,Office
openoffice.org-impress.desktop,簡報_Impress,類似 Microsoft PowerPoint 的簡報軟體，特別的是可以跨平台使用，並且符合 ODF 國際標準格式,簡報_Impress,演示幻灯片_Impress,类似MicrosoftPowerPoint的演示幻灯片软件，特别的是可以跨平台使用，并且符合ODF国际标准格式,演示幻灯片_Impress,Office,,,,,,Briefing _Impress,"Similar to Microsoft PowerPoint presentation software, is cross-platform and uses international standard ODF format.",Presentation slides _Impress,Office
openoffice.org-draw.desktop,繪圖_Draw,利用 Office 軟體的使用思維即可輕鬆的繪製向量圖,繪圖_Draw,画图_Draw,利用Office软件的使用思维即可轻松的绘制向量图,画图_Draw,Office,,,,,,Drawing _Draw,It is used in creating vector diagram.,Paint _Draw,Office
openoffice.org-base.desktop,資料庫_Base,類似 Microsoft Access 的資料庫軟體，特別的是可以跨平台使用，並且符合 ODF 國際標準格式,資料庫_Base,数据库_Base,类似MicrosoftAccess的数据库软件，特别的是可以跨平台使用，并且符合ODF国际标准格式,数据库_Base,Office,,,,,,Database _Base,"Similar to Microsoft Access database software, is cross-platform and uses international standard ODF format.",Database _Base,Office
libreoffice-writer.desktop,文書處理_Writer,類似 Microsoft Word 的文書處理軟體，特別的是可以跨平台使用，並且符合 ODF 國際標準格式,文書處理_Writer,文书处理_Writer,类似MicrosoftWord的文书处理软件，特别的是可以跨平台使用，并且符合ODF国际标准格式,文书处理_Writer,Office,,,,,,Word processing _Writer,It is similar to Microsoft Word and is cross-platform.It uses internation standard ODF format.,Word processing _Writer,Office
libreoffice-calc.desktop,試算表_Calc,類似 Microsoft Excel 的試算表軟體，特別的是可以跨平台使用，並且符合 ODF 國際標準格式,試算表_Calc,数字表格_Calc,类似MicrosoftExcel的数字表格软件，特别的是可以跨平台使用，并且符合ODF国际标准格式,数字表格_Calc,Office,,,,,,Sheets _Calc,"Similar to Microsoft Excel spreadsheet software, is cross-platform and uses international standard ODF format.",Digital form _Calc,Office
libreoffice-impress.desktop,簡報_Impress,類似 Microsoft PowerPoint 的簡報軟體，特別的是可以跨平台使用，並且符合 ODF 國際標準格式,簡報_Impress,演示幻灯片_Impress,类似MicrosoftPowerPoint的演示幻灯片软件，特别的是可以跨平台使用，并且符合ODF国际标准格式,演示幻灯片_Impress,Office,,,,,,Briefing _Impress,"Similar to Microsoft PowerPoint presentation software, is cross-platform and uses international standard ODF format.",Presentation slides _Impress,Office
libreoffice-draw.desktop,繪圖_Draw,利用 Office 軟體的使用思維即可輕鬆的繪製向量圖,繪圖_Draw,画图_Draw,利用Office软件的使用思维即可轻松的绘制向量图,画图_Draw,Office,,,,,,Drawing _Draw,It is used in creating vector diagram.,Paint _Draw,Office
libreoffice-base.desktop,資料庫_Base,類似 Microsoft Access 的資料庫軟體，特別的是可以跨平台使用，並且符合 ODF 國際標準格式,資料庫_Base,数据库_Base,类似MicrosoftAccess的数据库软件，特别的是可以跨平台使用，并且符合ODF国际标准格式,数据库_Base,Office,,,,,,Database _Base,"Similar to Microsoft Access database software, is cross-platform and uses international standard ODF format.",Database _Base,Office
libreoffice-math.desktop,公式編輯_Math,LibreOffice 上可以做數學公式編輯的軟體,公式編輯_Math,公式编辑_Math,LibreOffice 上可以做数学公式编辑的软件,公式编辑_Math,Office,,,,,,Equation Editor _Math,You can use Libre Office to solve mathematical equation.,Equation Editor _Math,Office
libreoffice-startcenter.desktop,整合應用_LibreOffice,LibreOffice 的入口,整合應用_LibreOffice,整合应用_LibreOffice,LibreOffice的入口,整合应用_LibreOffice,Office,,,,,,Integrated application _LibreOffice,LibreOffice,Integrated application _LibreOffice,Office
oxoffice5-writer.desktop,文書處理_Writer,類似 Microsoft Word 的文書處理軟體，特別的是可以跨平台使用，並且符合 ODF 國際標準格式,文書處理_Writer,文书处理_Writer,类似MicrosoftWord的文书处理软件，特别的是可以跨平台使用，并且符合ODF国际标准格式,文书处理_Writer,Office,,,,,,Word processing _Writer,It is similar to Microsoft Word and is cross-platform.It uses internation standard ODF format.,Word processing _Writer,Office
oxoffice5-calc.desktop,試算表_Calc,類似 Microsoft Excel 的試算表軟體，特別的是可以跨平台使用，並且符合 ODF 國際標準格式,試算表_Calc,数字表格_Calc,类似MicrosoftExcel的数字表格软件，特别的是可以跨平台使用，并且符合ODF国际标准格式,数字表格_Calc,Office,,,,,,Sheets _Calc,"Similar to Microsoft Excel spreadsheet software, is cross-platform and uses international standard ODF format.",Digital form _Calc,Office
oxoffice5-impress.desktop,簡報_Impress,類似 Microsoft PowerPoint 的簡報軟體，特別的是可以跨平台使用，並且符合 ODF 國際標準格式,簡報_Impress,演示幻灯片_Impress,类似MicrosoftPowerPoint的演示幻灯片软件，特别的是可以跨平台使用，并且符合ODF国际标准格式,演示幻灯片_Impress,Office,,,,,,Briefing _Impress,"Similar to Microsoft PowerPoint presentation software, is cross-platform and uses international standard ODF format.",Presentation slides _Impress,Office
oxoffice5-draw.desktop,繪圖_Draw,利用 Office 軟體的使用思維即可輕鬆的繪製向量圖,繪圖_Draw,画图_Draw,利用Office软件的使用思维即可轻松的绘制向量图,画图_Draw,Office,,,,,,Drawing _Draw,It is used in creating vector diagram.,Paint _Draw,Office
oxoffice5-base.desktop,資料庫_Base,類似 Microsoft Access 的資料庫軟體，特別的是可以跨平台使用，並且符合 ODF 國際標準格式,資料庫_Base,数据库_Base,类似MicrosoftAccess的数据库软件，特别的是可以跨平台使用，并且符合ODF国际标准格式,数据库_Base,Office,,,,,,Database _Base,"Similar to Microsoft Access database software, is cross-platform and uses international standard ODF format.",Database _Base,Office
oxoffice5-math.desktop,公式編輯_Math,OxOffice 上可以做數學公式編輯的軟體,公式編輯_Math,公式编辑_Math,OxOffice 上可以做数学公式编辑的软件,公式编辑_Math,Office,,,,,,Equation Editor _Math,You can use OxOffice to solve mathematical equation.,Equation Editor _Math,Office
oxoffice5-startcenter.desktop,整合應用_OxOffice,OxOffice 的入口,整合應用_OxOffice,整合应用_OxOffice,OxOffice的入口,整合应用_OxOffice,Office,,,,,,Integrated application _OxOffice,OxOffice,Integrated application _OxOffice,Office
# abiword.desktop: 20141107 added by Franklin,,,,,,,,,,,,,,,,
abiword.desktop,文書處理_Abiword,簡易的文書處理軟體,文書處理_Abiword,文书处理_Abiword,简易的文书处理软件,文书处理_Abiword,Office,,,,,,Word processing _Abiword,It is a simple word processing software.,Word processing _Abiword,Office
scribus.desktop,排版軟體_Scribus,適合用於雜誌，報紙等印刷品編輯設計的出版軟體,排版軟體_Scribus,排版软件_Scribus,适合用于杂志，报纸等印刷品编辑设计的出版软件,排版软件_Scribus,Office,,,,,,Publishing software _Scribus,"It is a dektop publishing software suitable for magazines, newspapers and other printed publication.",Typesetting software _Scribus,Office
dia-common.desktop,辧公室製圖_Dia,Dia 提供模組化的設計工具來製圖，如流程圖、網路圖、電路圖等，都可以利用 Dia 輕鬆繪製,辧公室製圖_Dia,办公室制图_Dia,Dia提供模块化的设计工具来制图，如流程图、网络图、电路图等，都可以利用Dia轻松绘制,办公室制图_Dia,Office,,,,,,Vital fixture public rooms Drawing _Dia,"Dia is used to make flowcharts, network diagram, schematics etc by providing modular design to drawing tools.",Office Drawing _Dia,Office
dia.desktop,圖表繪製_Dia,Dia 提供模組化的設計工具來製圖，如流程圖、網路圖、電路圖等，都可以利用 Dia 輕鬆繪製,圖表繪製_Dia,图表绘制_Dia,Dia提供模块化的设计工具来制图，如流程图、网络图、电路图等，都可以利用Dia轻松绘制,图表绘制_Dia,Office,,,,,,Diagramming _Dia,"Dia is used to make flowcharts, network diagram, schematics etc by providing modular design to drawing tools.",Diagramming _Dia,Office
pencil.desktop,圖表繪製_Pencil,圖表繪製軟體,圖表繪製_Pencil,图表绘制_Pencil,图表绘制软件,图表绘制_Pencil,Office,,,,,,Diagramming _Pencil,It is a diagramming software.,Diagramming _Pencil,Office
freeplane.desktop,心智圖_FreePlane,可輕鬆繪製心智圖的工具軟體,心智圖_FreePlane,思维导图_FreePlane,可轻松绘制思维导图的工具软件,思维导图_FreePlane,Office,,,,,,Mind Mapping _FreePlane,Freeplane is a mind-mapping software tool.,Mind Map _FreePlane,Office
xmind.desktop,心智圖_XMind,可輕鬆繪製心智圖、組織圖、魚骨圖的工具軟體,心智圖_XMind,思维导图_XMind,可轻松绘制思维导图、组织图、鱼骨图的工具软件,思维导图_XMind,Office,,,,,,Mind Mapping _XMind,"Xmind allows you to draw mind maps, organizational chart, the fishbone diagram tool.",Mind Map _XMind,Office
freemind.desktop,心智圖_FreeMind,可輕鬆繪製心智圖、組織圖的工具軟體,心智圖_FreeMind,思维导图_FreeMind,可轻松绘制思维导图、组织图的工具软件,思维导图_FreeMind,Office,,,,,,Mind Mapping _FreeMind,"Freemind allows you to draw mind maps, organizational chart.",Mind Map _FreeMind,Office
planner.desktop,專案管理_Planner,Planner 擁有大多數專案管理工具都有的功能，像是甘特圖。除此之外，Planner 還有其他獨特的功能，像是儲存為XML檔,專案管理_Planner,项目管理_Planner,Planner拥有大多数专案管理工具都有的功能，像是甘特图。除此之外，Planner還有其他獨特的功能，像是儲存為XML檔,项目管理_Planner,Office,,,,,,Project Management _Planner,Planner is used for project management tools such as Gantt Chart and plenty of other feature.,Project Management _Planner,Office
GanttProject.desktop,專案管理_GanttProject,GanttProject 是一套跨平台的專案管理工具，可用於專案規劃與管理,專案管理_GanttProject,项目管理_GanttProject,GanttProject是一套跨平台的专案管理工具，可用于专案规划与管理,项目管理_GanttProject,Office,,,,,,Project Management _GanttProject,GanttProject is a cross-platform project management tool for project planning and management.,Project Management _GanttProject,Office
calibre.desktop,電子書_Calibre,電子書閱讀軟體,電子書_Calibre,电子书_Calibre,电子书阅读软件,电子书_Calibre,Office,,,,,,EBook _Calibre,It is an e-book reading software.,EBook _Calibre,Office
calibre-gui.desktop,電子書_Calibre,Calibre 是一套功能算齊全的電子書管理工具，支援多種文件格式，它除了提供電子書閱讀的功能以外，還有管理、轉換及同步等功能。,電子書_Calibre,电子书_Calibre,Calibre是一套功能算齐全的电子书管理工具，支持多种文件格式，它除了提供电子书阅读的功能以外，还有管理、转换及同步等功能。,电子书_Calibre,Office,,,,,,EBook _Calibre,"Calibre is an e-book reading software providing various functions as management, conversion and synchronization.",EBook _Calibre,Office
calibre-ebook-viewer.desktop,電子書_E-book Viewer,提供電子書閱讀的功能,電子書_E-book Viewer,电子书_E-bookViewer,提供电子书阅读的功能,电子书_E-bookViewer,Office,,,,,,EBook _E-book Viewer,E-book reader,EBook _E-bookViewer,Office
ebook-viewer.desktop,電子書_E-book Viewer,提供電子書閱讀的功能,電子書_E-book Viewer,电子书_E-bookViewer,提供电子书阅读的功能,电子书_E-bookViewer,Office,,,,,,EBook _E-book Viewer,E-book reader,EBook _E-bookViewer,Office
calibre-lrfviewer.desktop,電子書_LRF Viewer,提供電子書閱讀的功能,電子書_LRF Viewer,电子书_LRFViewer,提供电子书阅读的功能,电子书_LRFViewer,Office,,,,,,EBook _LRF Viewer,E-book reader,EBook _LRFViewer,Office
calibre-lrfviewer.desktop,電子書_LRF Viewer,提供電子書閱讀的功能,電子書_LRF Viewer,电子书_LRFViewer,提供电子书阅读的功能,电子书_LRFViewer,Office,,,,,,EBook _LRF Viewer,E-book reader,EBook _LRFViewer,Office
lrfviewer.desktop,電子書_LRF Viewer,提供電子書閱讀的功能,電子書_LRF Viewer,电子书_LRFViewer,提供电子书阅读的功能,电子书_LRFViewer,Office,,,,,,EBook _LRF Viewer,E-book reader,EBook _LRFViewer,Office
okular.desktop,PDF瀏覽_Okular,多功能文件檢視器,PDF瀏覽_Okular,PDF浏览_Okular,多功能文件查看器,PDF浏览_Okular,Office,,,,,,PDF Browse _Okular,E-book reader,PDF Browse _Okular,Office
# evince.desktop: 20141107 added by Franklin,,,,,,,,,,,,,,,,
evince.desktop,文件檢視_DocumentViewer,文件檢視器,文件檢視_DocumentViewer,文件检视_DocumentViewer,文件检视器,文件检视_DocumentViewer,Office,,,,,,File View _DocumentViewer,Document Viewer,File View _DocumentViewer,Office
AdobeReader.desktop,PDF瀏覽_AdobeReader,Adobe 原廠的 PDF 瀏覽器,PDF瀏覽_AdobeReader,PDF浏览_AdobeReader,Adobe原厂的PDF瀏覽器,PDF浏览_AdobeReader,Office,,,,,,PDF Browse _AdobeReader,Adobe Reader for viewing PDF files,PDF Browse _AdobeReader,Office
pdfedit.desktop,PDF編輯_PDF Editor,可直接編輯 PDF 檔中的文字及內容，並且可再另存新檔,PDF編輯_PDF Editor,PDF编辑_PDFEditor,可直接编辑PDF档中的文字及内容，并且可再另存为,PDF编辑_PDFEditor,Office,,,,,,PDF Editor _PDF Editor,It can be used to edit the text and content of PDF files.,PDF Editor _PDFEditor,Office
pdfshuffler.desktop,PDF編輯_Shuffler,可輕易做到 PDF 格式合併，重新排列，分割，旋轉和裁剪,PDF編輯_Shuffler,PDF编辑_Shuffler,可轻易做到PDF格式合并，重新排列，分割，旋转和裁剪,PDF编辑_Shuffler,Office,,,,,,PDF Editor _Shuffler,"Shuffler allows the user to merge, rearrange, split, rotate and crop.",PDF Editor _Shuffler,Office
xournal.desktop,PDF手繪筆記_Xournal,可在匯入 PDF 檔案後，在上面任意手寫、打字、畫彩色圖形線段、以及以螢光筆作記號,PDF手繪筆記_Xournal,PDF手绘笔记_Xournal,可在输入PDF文件后，在上面任意手写、打字、画彩色图形线段、以及以萤光笔作记号,PDF手绘笔记_Xournal,Office,,,,,,PDF freehand notes _Xournal,"Input types like handwritten notes, typing, painting colour graphics segment, fluorescent marker pen is stored in PDF format.",PDF freehand notes _Xournal,Office
impressive-editor.desktop,PDF簡報播放_Impressive,可以將 PDF 檔案當成簡報一樣播放的PDF簡報播放軟體,PDF簡報播放_Impressive,PDF幻灯片播放_Impressive,可以将PDF文件当成演示幻灯片一样播放的PDF演示幻灯片播放软件,PDF演示幻灯片播放_Impressive,Office,,,,,,PDF presentation playing _Impressive,Impressive allows PDF files to played as slide presentation.,PDF slide show presentation _Impressive,Office
kaddressbook.desktop,通訊錄_KAddressbook,KDE 上的通訊錄程式,通訊錄_KAddressbook,通讯录_KAddressbook,KDE上的通讯录程序,通讯录_KAddressbook,Office,,,,,,Contacts _KAddressbook,It's a address book software present in KDE.,Contacts _KAddressbook,Office
gnucash.desktop,金融管理_GnuCash,一套複式簿記系統的記帳軟體，基本上的概念和會計相同,金融管理_GnuCash,金融管理_GnuCash,一套复式簿记系统的记帐软件，基本上的概念和会计相同,金融管理_GnuCash,Office,,,,,,Financial Management _GnuCash,It is an accounting software that have double entry book keeping system.,Financial Management _GnuCash,Office
sigil.desktop,電子書編輯_Sigil,一套可見即所得的電子書編輯軟體,電子書編輯_Sigil,电子书编辑_Sigil,一套可见即所得的电子书编辑软件,电子书编辑_Sigil,Office,,,,,,EBook Editing _Sigil,Sigil allows to edit e-books in e-Pub format in WYSIWYG format.,EBook Editing _Sigil,Office
qtqr.desktop,QR Code產生器_QtQR,QR Code 的產生器,QR Code產生器_QtQR,QRCode产生器_QtQR,QRCode的产生器,QRCode产生器_QtQR,Office,,,,,,QR Code generator _QtQR,QRCode generator.,QRCode generator _QtQR,Office
#美工,,,,,,,,,,,,,,,,
krita.desktop,筆刷繪圖_Krita,類似 OpenOffice Draw，功能強大的繪圖軟體,筆刷繪圖_Krita,笔刷绘图_Krita,类似OpenOfficeDraw，功能强大的绘图软件,笔刷绘图_Krita,Graphics,,,,,,Brush drawing _Krita,Similar to OpenOfficeDraw.It is a powerful graphics software.,Brush drawing _Krita,Graphics
kamoso.desktop,影像擷取_Kamoso,從您的網路攝影機中擷取圖片,影像擷取_Kamoso,影像撷取_Kamoso,从您的网络摄影机中捕获图片,影像撷取_Kamoso,Graphics,,,,,,Image capture _Kamoso,Capture images from your webcam.,Image capture _Kamoso,Graphics
display.im6.desktop,影像編輯_ImageMagick,影像編輯軟體,影像編輯_ImageMagick,影像编辑_ImageMagick,影像编辑软件,影像编辑_ImageMagick,Graphics,,,,,,Video editing _ImageMagick,Image editing software,Video editing _ImageMagick,Graphics
skanlite.desktop,影像掃描_Skanlite,KDE 上的影像掃描軟體,影像掃描_Skanlite,影像扫描_Skanlite,KDE上的影像扫描软件,影像扫描_Skanlite,Graphics,,,,,,Image scanning _Skanlite,Image scanning software by KDE,Image scanning _Skanlite,Graphics
gpaint.desktop,小畫家_GNU Paint,類似小畫家的繪圖軟體,小畫家_GNU Paint,画图_GNUPaint,类似画图的绘图软件,画图_GNUPaint,Graphics,,,,,,Paint _GNU Paint,Similar drawing graphics software,Paint _GNUPaint,Graphics
kolourpaint.desktop,小畫家_KolourPaint,類似小畫家的繪圖軟體,小畫家_KolourPaint,画图_KolourPaint,类似画图的绘图软件,画图_KolourPaint,Graphics,,,,,,Paint _KolourPaint,Similar drawing graphics software,Paint _KolourPaint,Graphics
# mtpaint.desktop: 20141107 added by Franklin:,,,,,,,,,,,,,,,,
mtpaint.desktop,小畫家_mtPaint,類似小畫家的繪圖軟體,小畫家_mtPainter,画图_mtPaint,类似画图的绘图软件,画图_mtPaint,Graphics,,,,,,Paint _mtPaint,Similar drawing graphics software,Paint _mtPaint,Graphics
tuxpaint.desktop,企鵝小畫家_TuxPaint,適合小朋友發揮創意，任意塗鴉的繪圖軟體,企鵝小畫家_TuxPaint,企鹅画图_TuxPaint,适合小朋友发挥创意，任意涂鸦的绘图软件,企鹅画图_TuxPaint,Graphics,,,,,,Penguin painter _TuxPaint,Suitable for children to be creative.A graffiti graphics software,Penguin drawing _TuxPaint,Graphics
mypaint.desktop,筆刷繪圖_My Paint,內建四百種超炫筆刷的繪圖軟體,筆刷繪圖_My Paint,笔刷绘图_MyPaint,内置四百种超炫笔刷的绘图软件,笔刷绘图_MyPaint,Graphics,,,,,,Drawing _My Paint Brushes,Built four hundred kinds of brushes stunning graphics software,Brush drawing _MyPaint,Graphics
inkscape.desktop,向量繪圖_Inkscape,可建立 svg 向量圖檔的繪圖軟體，功能和界面類似 CorelDRAW,向量繪圖_Inkscape,向量绘图_Inkscape,可创建svg向量图档的绘图软件，功能和界面类似CorelDRAW,向量绘图_Inkscape,Graphics,,,,,,Vector drawing _Inkscape,"You can create svg vector graphics drawing software, and interface similar to CorelDRAW",Vector drawing _Inkscape,Graphics
gimp.desktop,影像處理_GIMP,具圖層應用功能的影像編輯和點陣繪圖軟體，功能和界面類似 Photoshop,影像處理_GIMP,影像处理_GIMP,具图层应用功能的影像编辑和点阵绘图软件，功能和界面类似Photoshop,影像处理_GIMP,Graphics,,,,,,Image processing _GIMP,"With layers of video editing applications and lattice graphics software, and interface similar to Photoshop",Image processing _GIMP,Graphics
jkiwi.desktop,髮型彩粧_jKiwi,jKiwi 可以讓你輕鬆的對人像照片進行髮型與彩粧模擬設計,髮型彩粧_jKiwi,发型彩妆_jKiwi,jKiwi可以让你轻松的对人像照片进行发型与彩妆仿真设计,发型彩妆_jKiwi,Graphics,,,,,,Hair Makeup _jKiwi,jKiwi lets you easily portrait photos of hairstyles and make-up design simulation,Hair Makeup _jKiwi,Graphics
digikam.desktop,相片管理_digiKam,專業的數位相片和圖片管理軟體,相片管理_digiKam,相片管理_digiKam,专业的数位相片和图片管理软件,相片管理_digiKam,Graphics,,,,,,Photo management _digiKam,Professional digital photo and image management software,Photo management _digiKam,Graphics
gwenview.desktop,相片瀏覽_Gwenview,簡易的數位相片和圖片瀏覽軟體,相片瀏覽_Gwenview,相片浏览_Gwenview,简易的数位相片和图片浏览软件,相片浏览_Gwenview,Graphics,,,,,,PHOTO _Gwenview,Easy digital photo and picture viewing software,PHOTO _Gwenview,Graphics
org.kde.gwenview.desktop,相片瀏覽_Gwenview,簡易的數位相片和圖片瀏覽軟體,相片瀏覽_Gwenview,相片浏览_Gwenview,简易的数位相片和图片浏览软件,相片浏览_Gwenview,Graphics,,,,,,PHOTO _Gwenview,Easy digital photo and picture viewing software,PHOTO _Gwenview,Graphics
# gpicview.desktop: 20141107 added by Franklin,,,,,,,,,,,,,,,,
gpicview.desktop,相片瀏覽_Gpicview,簡易的數位相片與圖片瀏覽軟體,相片瀏覽_Gpicview,相片浏览_Gpicview,简易的数位相片和图片浏览软件,相片浏览_Gpicview,Graphics,,,,,,PHOTO _Gpicview,Easy digital photo and picture viewing software,PHOTO _Gpicview,Graphics
f-spot.desktop,相片管理_F-Spot,F-Spot 可以讓你輕鬆的組織及分享你的相片,相片管理_F-Spot,相片管理_F-Spot,F-Spot可以让你轻松的组织及分享你的相片,相片管理_F-Spot,Graphics,,,,,,_F-Spot Photo Manager,F-Spot lets you easily organize and share your photos,_F-Spot Photo Manager,Graphics
gthumb.desktop,圖片管理_gThumb,簡易的數位相片和圖片管理軟體,圖片管理_gThumb,图片管理_gThumb,简易的数位相片和图片管理软件,图片管理_gThumb,Graphics,,,,,,Pictures _gThumb,Easy digital photo and image management software,Pictures _gThumb,Graphics
fotowall.desktop,多圖合併_Fotowall,Fotowall 可以讓你輕鬆的將多張圖片進行各種套用與設計,多圖合併_Fotowall,多图合并_Fotowall,Fotowall可以让你轻松的将多张图片进行各种套用与设计,多图合并_Fotowall,Graphics,,,,,,More map consolidation _Fotowall,Fotowall lets you easily will be multiple images and apply various design,More map consolidation _Fotowall,Graphics
expoblending.desktop,曝光混合_Expo blending,將曝光影像進行混合,曝光混合_Expo blending,曝光混合_Expoblending,将曝光影像进行混合,曝光混合_Expoblending,Graphics,,,,,,Exposure mixing _Expo blending,Exposure image mixed,Exposure mixing _Expoblending,Graphics
photolayoutseditor.desktop,相片佈局_Photo layouts editor,建立美觀與專業的相片佈局,相片佈局_Photo layouts editor,相片布局_Photolayoutseditor,创建美观与专业的相片布局,相片布局_Photolayoutseditor,Graphics,,,,,,Photo layout _Photo layouts editor,Create beautiful and professional photo layout,Photo layout _Photolayoutseditor,Graphics
panoramagui.desktop,全景圖_Panoram,簡單易用的全景圖製作軟體,全景圖_Panoram,全景图_Panoram,简单易用的全景图制作软件,全景图_Panoram,Graphics,,,,,,Panorama _Panoram,Easy to use panorama creation software,Panorama _Panoram,Graphics
hugin.desktop,全景圖_Hugin panorama creator,全景圖合併與編輯軟體，可以將多張照片合併成全景圖及進行美編,全景圖_Hugin panorama creator,全景图_Huginpanoramacreator,全景图合并与编辑软件，可以将多张照片合并成全景图及进行美编,全景图_Huginpanoramacreator,Graphics,,,,,,Panorama _Hugin panorama creator,"Panorama merged with editing software, you can merge multiple photos into a panorama and be the United States Code",Panorama _Huginpanoramacreator,Graphics
PTBatcherGUI.desktop,全景圖_Hugin Batch Processor,全景圖批次處理工具，可以輕易的將多張照片合併成全景圖,全景圖_Hugin Batch Processor,全景图_HuginBatchProcessor,全景图批次处理工具，可以轻易的将多张照片合并成全景图,全景图_HuginBatchProcessor,Graphics,,,,,,Panorama _Hugin Batch Processor,"Panorama batch processing tools, you can easily merge multiple photos into a panorama",Panorama _HuginBatchProcessor,Graphics
calibrate_lens_gui.desktop,全景圖_Calibrate,全景圖合併與編輯軟體，可以將多張照片合併成全景圖及進行美編,全景圖_Calibrate,全景图_Calibrate,全景图合并与编辑软件，可以将多张照片合并成全景图及进行美编,全景图_Calibrate,Graphics,,,,,,Panorama _Calibrate,"Panorama merged with editing software, you can merge multiple photos into a panorama and be the United States Code",Panorama _Calibrate,Graphics
ktoon.desktop,2D動畫_KToon,能讓您使用點陣圖創造傳統的動畫,2D動畫_KToon,2D动画_KToon,能让您使用位图创造传统的动画,2D动画_KToon,Graphics,,,,,,2D animation _KToon,Allows you to use a bitmap to create traditional animation,2D animation _KToon,Graphics
blender.desktop,3D動畫_Blender,3D 模型建置與動畫設計軟體，媲美時下商業版的 3D 動畫軟體,3D動畫_Blender,3D动画_Blender,3D模型建置与动画设计软件，媲美时下商业版的3D动画软件,3D动画_Blender,Graphics,,,,,,3D animation _Blender,"Build 3D models and animation design software, comparable to today's commercial version of the 3D animation software",3D animation _Blender,Graphics
sweethome3d.desktop,室內設計_SweetHome3D,室內設計用的3D 模型軟體，不僅專業設計人員可以使用，對一般人而言也是一個極易上手的室內設計工具,室內設計_SweetHome3D,室内设计_SweetHome3D,室内设计用的3D模型软件，不仅专业设计人员可以使用，对一般人而言也是一个极易上手的室内设计工具,室内设计_SweetHome3D,Graphics,,,,,,Interior Design _SweetHome3D,"Interior design with 3D modeling software, not only professional designers can use, for most people, is an easy -to-use interior design tool",Interior Design _SweetHome3D,Graphics
kruler.desktop,螢幕尺規_KRuler,可以直接在螢幕上丈量的螢幕尺規,螢幕尺規_KRuler,屏幕尺规_KRuler,可以直接在屏幕上丈量的屏幕尺规,屏幕尺规_KRuler,Graphics,,,,,,Screen Ruler _KRuler,Can be measured directly on the screen of the screen ruler,Screen Ruler _KRuler,Graphics
scangui.desktop,影像掃描_Scan GUI,使用平台式掃描器擷取影像的工具,影像掃描_Scan GUI,影像扫描_ScanGUI,使用平台式扫描器捕获影像的工具,影像扫描_ScanGUI,Graphics,,,,,,Image scanning _Scan GUI,Flatbed scanner image capture tools,Image scanning _ScanGUI,Graphics
ksnapshot.desktop,影像擷取_KSnapshot,多功能的影像擷取工具，可直接按鍵盤上的〔Print Screen〕鍵執行此功能,影像擷取_KSnapshot,影像撷取_KSnapshot,多功能的影像捕获工具，可直接按键盘上的〔PrintScreen〕键执行此功能,影像撷取_KSnapshot,Graphics,,,,,,Image capture _KSnapshot,"Versatile video capture tool, can directly press the key on the keyboard to perform this function [PrintScreen]",Image capture _KSnapshot,Graphics
kcolorchooser.desktop,顏色選擇_KColorChooser,用來點選螢幕上的顏色,顏色選擇_KColorChooser,颜色选择_KColorChooser,用来点选屏幕上的颜色,颜色选择_KColorChooser,Graphics,,,,,,Color selection _KColorChooser,Click the colors on the screen to,Color selection _KColorChooser,Graphics
dngconverter.desktop,RAW批次轉檔_dngconverter,批次將 RAW 檔案轉成 DNG 檔案的軟體,RAW批次轉檔_dngconverter,RAW批次转档_dngconverter,批次将RAW文件转成DNG文件的软件,RAW批次转档_dngconverter,Graphics,,,,,,RAW batch file conversion _dngconverter,The batch RAW files into DNG files software,RAW batch file conversion _dngconverter,Graphics
freecad.desktop,3D製圖_FreeCAD,電腦輔助設計軟體,3D製圖_FreeCAD,3D制图_FreeCAD,计算机辅助设计软件,3D制图_FreeCAD,Graphics,,,,,,3D graphics _FreeCAD,Computer-aided design software,3D graphics _FreeCAD,Graphics
librecad.desktop,2D製圖_LibreCAD,電腦輔助設計軟體,2D製圖_LibreCAD,2D制图_LibreCAD,计算机辅助设计软件,2D制图_LibreCAD,Graphics,,,,,,2D Drafting _LibreCAD,Computer-aided design software,2D Drafting _LibreCAD,Graphics
fritzing.desktop,電路設計_Fritzing,是一套設計PCB (Printed Circuit Board) 印刷電路板的軟體，是特別給設計師、藝術家、研究者以及業餘玩家使用的工具,電路設計_Fritzing,电路设计_Fritzing,是一套设计PCB(PrintedCircuitBoard)印刷电路板的软件，是特别给设计师、艺术家、研究者以及业余玩家使用的工具,电路设计_Fritzing,Graphics,,,,,,Circuit Design _Fritzing,"Is a set design PCB (PrintedCircuitBoard) printed circuit board software, is a tool especially for designers, artists, researchers and amateurs use",Circuit Design _Fritzing,Graphics
shutter.desktop,影像擷取_Shutter,可截取網頁和編輯截取圖片的軟體,影像擷取_Shutter,影像撷取_Shutter,可截取网页和编辑截取图片的软件,影像撷取_Shutter,Graphics,,,,,,Image capture _Shutter,Intercept interception pages and edit pictures software,Image capture _Shutter,Graphics
#影音,,,,,,,,,,,,,,,,
qstopmotion.desktop,影片動畫_qStopMotion,影片動畫製作軟體,影片動畫_qStopMotion,影片动画_qStopMotion,影片动画制作软件,影片动画_qStopMotion,AudioVideo,,,,,,Video animation _qStopMotion,Video animation software,Video animation _qStopMotion,AudioVideo
avidemux2.6-qt.desktop,影片編輯_Avidemux(Qt),影片編輯程式,影片編輯_Avidemux(Qt),影片编辑_Avidemux(Qt),影片编辑器,影片编辑_Avidemux(Qt),AudioVideo,,,,,,Video editing _Avidemux (Qt),Video Editor,Video editing _Avidemux (Qt),AudioVideo
avidemux2.6-jobs.desktop,影片編輯_Avidemux(Jobs),影片編輯程式,影片編輯_Avidemux(Jobs),影片编辑_Avidemux(Jobs),影片编辑器,影片编辑_Avidemux(Jobs),AudioVideo,,,,,,Video editing _Avidemux (Jobs),Video Editor,Video editing _Avidemux (Jobs),AudioVideo
avidemux2.6-gtk.desktop,影片編輯_Avidemux(Gtk),影片編輯程式,影片編輯_Avidemux(Gtk),影片编辑_Avidemux(Gtk),影片编辑器,影片编辑_Avidemux(Gtk),AudioVideo,,,,,,Video editing _Avidemux (Gtk),Video Editor,Video editing _Avidemux (Gtk),AudioVideo
ffDiaporama.desktop,投影片秀_ffDiaporama,投影片、圖片與影片展示軟體,投影片秀_ffDiaporama,投影片秀_ffDiaporama,投影片、图片与影片展示软件,投影片秀_ffDiaporama,AudioVideo,,,,,,Slide show _ffDiaporama,"Slides, pictures and video presentation software",Slide show _ffDiaporama,AudioVideo
xbmc.desktop,多媒體中心_XBMC,一套超炫的多媒體播放中心，不論圖片影片皆可播放,多媒體中心_XBMC,多媒体中心_XBMC,一套超炫的多媒体播放中心，不论图片影片皆可播放,多媒体中心_XBMC,AudioVideo,,,,,,Media Center _XBMC,"A stunning multimedia player center, regardless of the video image playback Jieke",Media Center _XBMC,AudioVideo
vlc.desktop,影音播放_VLC,可以用於網路串流及各種多媒體檔案之播放,影音播放_VLC,影音播放_VLC,可以用于网络流及各种多媒体文件之播放,影音播放_VLC,AudioVideo,,,,,,Video player _VLC,The network can be used to play all kinds of multimedia files and streams,Video player _VLC,AudioVideo
smplayer.desktop,影音播放_SMPlayer,以 MPlayer 為基礎的多媒體播放器，具完整的使用者介面,影音播放_SMPlayer,影音播放_SMPlayer,以MPlayer为基础的多媒体播放器，具完整的用户界面,影音播放_SMPlayer,AudioVideo,,,,,,Video player _SMPlayer,"In MPlayer -based media player, with the complete user interface",Video player _SMPlayer,AudioVideo
umplayer.desktop,影音播放_UMPlayer,以 MPlayer 為基礎的多媒體播放器，具完整的使用者介面,影音播放_UMPlayer,影音播放_UMPlayer,以MPlayer为基础的多媒体播放器，具完整的用户界面,影音播放_UMPlayer,AudioVideo,,,,,,Video player _UMPlayer,"In MPlayer -based media player, with the complete user interface",Video player _UMPlayer,AudioVideo
# gnome-mplayer.desktop: 20141107 added by Franklin:,,,,,,,,,,,,,,,,
gnome-mplayer.desktop,影音播放_GnomeMplayer,以 MPlayer 為基礎的多媒體播放器,影音播放_GnomeMplayer,影音播放_GnomeMplayer,以Mplayer为基础的多媒体播放器,影音播放_GnomeMplayer,AudioVideo,,,,,,Video player _GnomeMplayer,In Mplayer -based multimedia player,Video player _GnomeMplayer,AudioVideo
dragonplayer.desktop,影音播放_DragonPlayer,可以用於網路串流及各種多媒體檔案之播放,影音播放_DragonPlayer,影音播放_DragonPlayer,可以用于网络流及各种多媒体文件之播放,影音播放_DragonPlayer,AudioVideo,,,,,,Video player _DragonPlayer,The network can be used to play all kinds of multimedia files and streams,Video player _DragonPlayer,AudioVideo
org.kde.dragonplayer.desktop,影音播放_DragonPlayer,可以用於網路串流及各種多媒體檔案之播放,影音播放_DragonPlayer,影音播放_DragonPlayer,可以用于网络流及各种多媒体文件之播放,影音播放_DragonPlayer,AudioVideo,,,,,,Video player _DragonPlayer,The network can be used to play all kinds of multimedia files and streams,Video player _DragonPlayer,AudioVideo
totem.desktop,影音播放_Totem,可以用於網路串流及各種多媒體檔案之播放,影音播放_Totem,影音播放_Totem,可以用于网络流及各种多媒体文件之播放,影音播放_Totem,AudioVideo,,,,,,Video player _Totem,The network can be used to play all kinds of multimedia files and streams,Video player _Totem,AudioVideo
xine.desktop,影音播放_xine,影音播放軟體,影音播放_xine,影音播放_xine,影音播放软件,影音播放_xine,AudioVideo,,,,,,Video player _xine,Audio and video playback software,Video player _xine,AudioVideo
Kino.desktop,影片編輯_Kino,簡單易用的影片編輯軟體,影片編輯_Kino,影片编辑_Kino,简单易用的影片编辑软件,影片编辑_Kino,AudioVideo,,,,,,Video Editing _Kino,Easy to use video editing software,Video Editing _Kino,AudioVideo
pitivi.desktop,影片編輯_Pitivi,簡單易用的影片編輯軟體,影片編輯_Pitivi,影片编辑_Pitivi,简单易用的影片编辑软件,影片编辑_Pitivi,AudioVideo,,,,,,Video Editing _Pitivi,Easy to use video editing software,Video Editing _Pitivi,AudioVideo
openshot.desktop,影片編輯_OpenShot,OpenShot 是 Linux 下常用的非線性影片剪輯軟體,影片編輯_OpenShot,影片编辑_OpenShot,OpenShot是Linux下常用的非线性影片剪辑软件,影片编辑_OpenShot,AudioVideo,,,,,,Video Editing _OpenShot,OpenShot is commonly used under Linux non-linear video editing software,Video Editing _OpenShot,AudioVideo
kdenlive.desktop,影片編輯_Kdenlive,Kdenlive 是 Linux 下非常專業完整的非線性影片編輯軟體,影片編輯_Kdenlive,影片编辑_Kdenlive,Kdenlive是Linux下非常专业完整的非线性影片编辑软件,影片编辑_Kdenlive,AudioVideo,,,,,,Video Editing _Kdenlive,Kdenlive under Linux is very professional complete non-linear video editing software,Video Editing _Kdenlive,AudioVideo
kazam.desktop,桌面錄製_Kazam,一款簡易的桌面畫面錄製工具,桌面錄製_Kazam,桌面录制_Kazam,一款简易的桌面画面录制工具,桌面录制_Kazam,AudioVideo,,,,,,Desktop recording _Kazam,A simple desktop screen recording tool,Desktop recording _Kazam,AudioVideo
cheese.desktop,視訊擷取_Cheese,透過 Cheese 可以從網路攝影機擷取相片與影片，並加入有趣的影像特效,視訊擷取_Cheese,视频撷取_Cheese,通过Cheese可以从网络摄影机捕获相片与影片，并加入有趣的影像特效,视频撷取_Cheese,AudioVideo,,,,,,Video capture _Cheese,"You can capture photos and videos from the network cameras by Cheese, and add interesting video effects",Video capture _Cheese,AudioVideo
guvcview.desktop,影像擷取_guvcview,webcam管理程式,影像擷取_guvcview,影像撷取_guvcview,webcam管理程序,影像撷取_guvcview,AudioVideo,,,,,,Image capture _guvcview,webcam manager,Image capture _guvcview,AudioVideo
imagination.desktop,投影片秀_Imagination,Imagination 可以將相片或圖片輕易的轉成具豐富轉場效果的多媒體投影片秀 ,投影片秀_Imagination,投影片秀_Imagination,Imagination可以将相片或图片轻易的转成具丰富转场效果的多媒体投影片秀,投影片秀_Imagination,AudioVideo,,,,,,Slide show _Imagination,Imagination multimedia slide show photos or pictures can easily turn into a rich transition effect,Slide show _Imagination,AudioVideo
photofilmstrip.desktop,投影片秀_Photo Film Strip,讓你輕鬆製作出圖片跑馬燈及多媒體投影片秀的軟體,投影片秀_Photo Film Strip,投影片秀_PhotoFilmStrip,让你轻松制作出图片跑马灯及多媒体投影片秀的软件,投影片秀_PhotoFilmStrip,AudioVideo,,,,,,Slide show _Photo Film Strip,"Lets you easily create image slide show, ticker and multimedia software",Slide show _PhotoFilmStrip,AudioVideo
k3b.desktop,光碟燒錄_K3b,Linux 下常用的光碟燒錄工具 ,光碟燒錄_K3b,光盘刻录_K3b,Linux下常用的光盘烧录工具,光盘烧录_K3b,AudioVideo,,,,,,CD writers _K3b,Linux under the commonly used CD burning tool,CD burning _K3b,AudioVideo
# xfburn.desktop: 20141107 added by Franklin,,,,,,,,,,,,,,,,
xfburn.desktop,光碟燒錄_Xfburn,光碟燒錄工具,光碟燒錄_Xfburn,光盘刻录_Xfburn,光盘烧录工具,光盘烧录_Xfburn,AudioVideo,,,,,,CD writers _Xfburn,CD burning tool,CD burning _Xfburn,AudioVideo
brasero.desktop,光碟燒錄_Brasero,Linux 下常用的光碟燒錄工具,光碟燒錄_Brasero,光盘刻录_Brasero,Linux下常用的光盘烧录工具,光盘烧录_Brasero,AudioVideo,,,,,,CD writers _Brasero,Linux under the commonly used CD burning tool,CD burning _Brasero,AudioVideo
acidrip.desktop,光碟擷取_AcidRip,AcidRip 可以輕易的將一般的影片轉成 avi 或 mpeg 檔,光碟擷取_AcidRip,光盘撷取_AcidRip,AcidRip可以轻易的将一般的影片转成avi或mpeg檔,光盘撷取_AcidRip,AudioVideo,,,,,,DVD capture _AcidRip,AcidRip can easily be converted into general video avi or mpeg files,CD capture _AcidRip,AudioVideo
dvdstyler.desktop,光碟製作_DVDstyler,DVD 光碟及選單製作工具,光碟製作_DVDstyler,光盘制作_DVDstyler,DVD光盘及选单制作工具,光盘制作_DVDstyler,AudioVideo,,,,,,DVD production _DVDstyler,DVD disc menus and authoring tools,CD-ROM production _DVDstyler,AudioVideo
dvdisaster.desktop,光碟修復_dvdisaster,對於刮傷或老化的光碟，提供了更好的存取與修復效果,光碟修復_dvdisaster,光盘修复_dvdisaster,对于刮伤或老化的光盘，提供了更好的访问与修复效果,光盘修复_dvdisaster,AudioVideo,,,,,,Disc Repair _dvdisaster,For scratches or aging discs provide better access and repair effect,Disc repair _dvdisaster,AudioVideo
audacious.desktop,音樂播放_Audacious,類似 Winamp 的音樂播放器,音樂播放_Audacious,音乐播放_Audacious,类似Winamp的音乐播放器,音乐播放_Audacious,AudioVideo,,,,,,Music Player _Audacious,Similar Winamp music player,Music Player _Audacious,AudioVideo
amarok.desktop,音樂播放_Amarok,Amarok 一套功能強大的音樂播放與專輯管理軟體,音樂播放_Amarok,音乐播放_Amarok,Amarok一套功能强大的音乐播放与专辑管理软件,音乐播放_Amarok,AudioVideo,,,,,,Music Player _Amarok,Amarok is a powerful music player and album management software,Music Player _Amarok,AudioVideo
rhythmbox.desktop,音樂播放_Rhythmbox,播放及管理音樂庫,音樂播放_Rhythmbox,音乐播放_Rhythmbox,播放及管理音乐库,音乐播放_Rhythmbox,AudioVideo,,,,,,Music Player _Rhythmbox,Play and manage music library,Music Player _Rhythmbox,AudioVideo
audacity.desktop,音樂編輯_Audacity,Audacity 是一套功能相當完整的音訊編輯軟體，具有剪輯、複製、混音等多項音訊編輯功能,音樂編輯_Audacity,音乐编辑_Audacity,Audacity是一套功能相当完整的音讯编辑软件，具有剪辑、复制、混音等多项音讯编辑功能,音乐编辑_Audacity,AudioVideo,,,,,,Music Editor _Audacity,"Audacity is a function quite complete audio editing software with editing, copying, mixing and many other audio editing functions",Music Editor _Audacity,AudioVideo
tuxguitar.desktop,樂譜編輯_Tuxguitar,可以輸入 Midi 格式及吉他譜檔，並且還可輸出多種音樂格式，以及 PDF 格式的樂譜,樂譜編輯_Tuxguitar,乐谱编辑_Tuxguitar,可以输入Midi格式及吉他谱档，并且还可输出多种音乐格式，以及PDF格式的乐谱,乐谱编辑_Tuxguitar,AudioVideo,,,,,,Score Editor _Tuxguitar,"You can enter and format Guitar Midi files, and can also output a variety of music formats, as well as sheet music in PDF format",Score Editor _Tuxguitar,AudioVideo
lmms.desktop,音樂製作_LMMS,一款新的音樂製作軟體,音樂製作_LMMS,音乐制作_LMMS,一款新的音乐制作软件,音乐制作_LMMS,AudioVideo,,,,,,Music production _LMMS,A new music production software,Music production _LMMS,AudioVideo
hydrogen.desktop,節奏編曲_Hydrogen,非常容易上手的爵士電子鼓節奏編曲軟體,節奏編曲_Hydrogen,节奏编曲_Hydrogen,非常容易上手的爵士电子鼓节奏编曲软件,节奏编曲_Hydrogen,AudioVideo,,,,,,Rhythm arranger _Hydrogen,Very easy to use electronic drum jazz rhythm sequencer software,Rhythm arranger _Hydrogen,AudioVideo
mscore.desktop,樂譜編輯_MuseScore,專業的五線譜編輯軟體，可以讓你輕鬆地在軟體內加入音符，並且做即時的結果輸出,樂譜編輯_MuseScore,乐谱编辑_MuseScore,专业的五线谱编辑软件，可以让你轻松地在软件内加入音符，并且做即时的结果输出,乐谱编辑_MuseScore,AudioVideo,,,,,,Score Editor _MuseScore,"Professional sheet music editing software lets you easily add a note in the software, and make instant result output",Score Editor _MuseScore,AudioVideo
rosegarden.desktop,音樂製作_Rosegarden,功能非常強大的專業級音樂製作軟體,音樂製作_Rosegarden,音乐制作_Rosegarden,功能非常强大的专业级音乐制作软件,音乐制作_Rosegarden,AudioVideo,,,,,,Music production _Rosegarden,Very powerful professional-level music production software,Music production _Rosegarden,AudioVideo
winff.desktop,影音轉檔_Win_FF,多種格式的影音轉檔工具,影音轉檔_Win_FF,影音转档_Win_FF,多种格式的影音转档工具,影音转档_Win_FF,AudioVideo,,,,,,Video transcoding _Win_FF,Audio file conversion tool multiple formats,Video transcoding _Win_FF,AudioVideo
kmix.desktop,音效調整_KMix,多功能的音效調整工具,音效調整_KMix,音效调整_KMix,多功能的音效调整工具,音效调整_KMix,AudioVideo,,,,,,Sound adjustment _KMix,Multifunction sound adjustment tools,Sound adjustment _KMix,AudioVideo
qjackctl.desktop,音訊控制_QjackCtl,音訊控制與連結服務工具,音訊控制_QjackCtl,音讯控制_QjackCtl,音讯控制与连结服务工具,音讯控制_QjackCtl,AudioVideo,,,,,,Audio control _QjackCtl,Audio and control link service tool,Audio control _QjackCtl,AudioVideo
ardour.desktop,音訊整合_Ardour GTK2,功能全面的數位音訊整合工具,音訊整合_Ardour GTK2,音讯整合_ArdourGTK2,功能全面的数位音讯整合工具,音讯整合_ArdourGTK2,AudioVideo,,,,,,Audio integration _Ardour GTK2,Fully functional digital audio integration tools,Audio integration _ArdourGTK2,AudioVideo
gnome-sound-recorder.desktop,聲音錄製_gnome-sound-recorder,簡易的聲音錄製軟體,聲音錄製_gnome-sound-recorder,声音录制_gnome-sound-recorder,简易的声音录制软件,声音录制_gnome-sound-recorder,AudioVideo,,,,,,Sound recording _gnome-sound-recorder,Simple voice recording software,Sound recording _gnome-sound-recorder,AudioVideo
xvidcap.desktop,影音錄製_XVidCap,可將螢幕上的操作畫面及聲音同步錄製,影音錄製_XVidCap,影音录制_XVidCap,可将屏幕上的操作画面及声音同步录制,影音录制_XVidCap,AudioVideo,,,,,,Video Recording _XVidCap,You can operate the picture and sound on the screen simultaneously recording,Video Recording _XVidCap,AudioVideo
sound-juicer.desktop,音樂擷取_sound-juicer,可以從音樂光碟中擷取音樂的小工具,音樂擷取_sound-juicer,音乐撷取_sound-juicer,可以从音乐光盘中捕获音乐的小工具,音乐撷取_sound-juicer,AudioVideo,,,,,,Music capture _sound-juicer,You can capture music from audio CDs Gadgets,Music capture _sound-juicer,AudioVideo
qdvdauthor.desktop,光碟製作_QDVDAuthor,DVD 光碟及選單製作工具 ,光碟製作_QDVDAuthor,光盘制作_QDVDAuthor,DVD光盘及选单制作工具,光盘制作_QDVDAuthor,AudioVideo,,,,,,DVD production _QDVDAuthor,DVD disc menus and authoring tools,CD-ROM production _QDVDAuthor,AudioVideo
devede.desktop,影音轉檔_DeVeDe,能將任何格式的影片轉為 DVD 影片,影音轉檔_DeVeDe,影音转档_DeVeDe,能将任何格式的影片转为DVD影片,影音转档_DeVeDe,AudioVideo,,,,,,Video transcoding _DeVeDe,Can any format videos into DVD movies,Video transcoding _DeVeDe,AudioVideo
oggconvert.desktop,影音轉檔_OggConvert,小巧實用的多媒體影音轉換工具,影音轉檔_OggConvert,影音转档_OggConvert,小巧实用的多媒体影音转换工具,影音转档_OggConvert,AudioVideo,,,,,,Video transcoding _OggConvert,Small and practical multimedia conversion tool,Video transcoding _OggConvert,AudioVideo
furiusisomount.desktop,虛擬光碟_Furius ISO Mount,簡單好用的光碟映像檔掛載工具 ,虛擬光碟_Furius ISO Mount,虚拟光盘_FuriusISOMount,简单好用的光盘映像档挂载工具,虚拟光盘_FuriusISOMount,AudioVideo,,,,,,Virtual CDs _Furius ISO Mount,Easy to use tool to mount disc image files,Virtual CD _FuriusISOMount,AudioVideo
#網路,,,,,,,,,,,,,,,,
nixnote.desktop,筆記本_Nixnote,EverNote 的 Linux 客戶端軟體,筆記本_Nixnote,笔记本_Nixnote,EverNote的Linux客户端软件,笔记本_Nixnote,Network,,,,,,Notebook _Nixnote,EverNote Linux client software,Notebook _Nixnote,Network
nixnote2.desktop,筆記本_Nixnote,EverNote 的 Linux 客戶端軟體,筆記本_Nixnote,笔记本_Nixnote,EverNote的Linux客户端软件,笔记本_Nixnote,Network,,,,,,Notebook _Nixnote,EverNote Linux client software,Notebook _Nixnote,Network
exe.desktop,網頁設計_eXe,輔助老師們編寫網路課程的軟體,網頁設計_eXe,网页设计_eXe,辅助老师们编写网络课程的软件,网页设计_eXe,Network,,,,,,Web Design _eXe,Secondary teachers writing network software courses,Web Design _eXe,Network
quassel.desktop,IRC 通訊_Quassel,KDE 裡的 IRC 客戶端程式,IRC 通訊_Quassel,IRC通讯_Quassel,KDE里的IRC客戶端程式,IRC通讯_Quassel,Network,,,,,,IRC communication _Quassel,KDE in IRC client program,IRC communication _Quassel,Network
firefox.desktop,網頁瀏覽_Firefox,提供更有效率、更安全、更個人化的瀏覽體驗 ,網頁瀏覽_Firefox,网页浏览_Firefox,提供更有效率、更安全、更个人化的浏览体验,网页浏览_Firefox,Network,,,,,,Web browsing _Firefox,"Provide a more efficient, safer, more personalized browsing experience",Web browsing _Firefox,Network
chromium-browser.desktop,網頁瀏覽_Chromium,由 Google 開發的網頁瀏覽器,網頁瀏覽_Chromium,网页浏览_Chromium,由Google开发的网页浏览器,网页浏览_Chromium,Network,,,,,,Web browsing _Chromium,Developed by Google web browser,Web browsing _Chromium,Network
google-chrome.desktop,網頁瀏覽_Chrome,由 Google 開發的網頁瀏覽器,網頁瀏覽_Chrome,网页浏览_Chrome,由Google开发的网页浏览器,网页浏览_Chrome,Network,,,,,,Web browsing _Chrome,Developed by Google web browser,Web browsing _Chrome,Network
konqbrowser.desktop,網頁瀏覽_Konqueror,可以當檔案總管以及網頁瀏覽器的軟體,網頁瀏覽_Konqueror,网页浏览_Konqueror,可以当文件总管以及网页浏览器的软件,网页浏览_Konqueror,Network,,,,,,Web browsing _Konqueror,It can be a file explorer and Web browser software,Web browsing _Konqueror,Network
pcmanx.desktop,BBS連線_PCMan X BBS ,常用的 BBS 連線軟體,BBS連線_PCMan X BBS ,BBS连接_PCManXBBS,常用的BBS连接软件,BBS连接_PCManXBBS,Network,,,,,,BBS connection _PCMan X BBS,Popular BBS software connection,BBS connection _PCManXBBS,Network
BlueGriffon-program.desktop,網頁設計_BlueGriffon,讓您可以快速編輯簡單的HTML或動態HTML網頁 ,網頁設計_BlueGriffon,网页设计_BlueGriffon,让您可以快速编辑简单的HTML或动态HTML网页,网页设计_BlueGriffon,Network,,,,,,Web Design _BlueGriffon,It allows you to quickly edit simple HTML or dynamic HTML pages,Web Design _BlueGriffon,Network
kompozer.desktop,網頁設計_KompoZer,讓您可以快速編輯簡單的HTML或動態HTML網頁 ,網頁設計_KompoZer,网页设计_KompoZer,让您可以快速编辑简单的HTML或动态HTML网页,网页设计_KompoZer,Network,,,,,,Web Design _KompoZer,It allows you to quickly edit simple HTML or dynamic HTML pages,Web Design _KompoZer,Network
dropbox.desktop,雲端服務_Dropbox,可以讓你在不同電腦及行動載具間同步檔案進度的雲端軟體,雲端服務_Dropbox,云端服务_Dropbox,可以让你在不同计算机及行动载具间同步文件进度的云端软件,云端服务_Dropbox,Network,,,,,,Cloud service _Dropbox,It allows you to synchronize files between different computers and progress in the action carrier cloud software,Cloud service _Dropbox,Network
akregator.desktop,RSS閱讀器_Akregator,方便實用的 RSS 閱讀器,RSS閱讀器_Akregator,RSS阅读器_Akregator,方便实用的RSS阅读器,RSS阅读器_Akregator,Network,,,,,,RSS reader _Akregator,Convenient and practical RSS reader,RSS reader _Akregator,Network
org.kde.akregator.desktop,RSS閱讀器_Akregator,方便實用的 RSS 閱讀器,RSS閱讀器_Akregator,RSS阅读器_Akregator,方便实用的RSS阅读器,RSS阅读器_Akregator,Network,,,,,,RSS reader _Akregator,Convenient and practical RSS reader,RSS reader _Akregator,Network
ktorrent.desktop,BT下載_Ktorrent,可透過 BitTorrent 協定來下載和分享檔案 ,BT下載_Ktorrent,BT下载_Ktorrent,可通过BitTorrent协议来下载和分享文件,BT下载_Ktorrent,Network,,,,,,BT download _Ktorrent,Via BitTorrent protocol to download and share files,BT download _Ktorrent,Network
filezilla.desktop,檔案傳輸_FileZilla,Linux 下常用的 FTP 檔案傳輸工具 ,檔案傳輸_FileZilla,文件传输_FileZilla,Linux下常用的FTP文件传输工具,文件传输_FileZilla,Network,,,,,,File Transfer _FileZilla,Linux under the common FTP file transfer tool,File Transfer _FileZilla,Network
pidgin.desktop,即時通訊_Pidgin,讓您可以透過即時通訊與好友聊天，支援 AIM、Google Talk、Jabber/XMPP、MSN、Yahoo 等,即時通訊_Pidgin,即时通讯_Pidgin,让您可以通过即时通讯与好友聊天，支持AIM、GoogleTalk、Jabber/XMPP、MSN、Yahoo等,即时通讯_Pidgin,Network,,,,,,Chat _Pidgin,"So you can chat with friends through instant messaging, support for AIM, GoogleTalk, Jabber / XMPP, MSN, Yahoo, etc.",Chat _Pidgin,Network
kopete.desktop,即時通訊_Kopete,即時訊息客戶端程式,即時通訊_Kopete,即时通讯_Kopete,即时消息客户端程序,即时通讯_Kopete,Network,,,,,,Chat _Kopete,Instant messaging client,Chat _Kopete,Network
emesene.desktop,即時通訊_Emesene,一套適用於 Windows Live Messenge 的即時通訊軟體 ,即時通訊_Emesene,即时通讯_Emesene,一套适用于WindowsLiveMessenge的即时通讯软件,即时通讯_Emesene,Network,,,,,,Chat _Emesene,A suitable WindowsLiveMessenge instant messaging software,Chat _Emesene,Network
ekiga.desktop,網路電話_Ekiga,Linux 下常用的網路電話軟體,網路電話_Ekiga,网络电话_Ekiga,Linux下常用的网络电话软件,网络电话_Ekiga,Network,,,,,,VoIP _Ekiga,Linux software under the conventional telephone network,Internet telephony _Ekiga,Network
Kppp.desktop,網路連線_KPPP,數據機和網路撥號程式,網路連線_KPPP,网络连接_KPPP,调制解调器和网络拨号程序,网络连接_KPPP,Network,,,,,,Internet connection _KPPP,Modem and Network Dialer,Fi _KPPP,Network
bluedevil-monolithic.desktop,藍芽連線_BlueDevil,KDE 內建的藍芽傳輸軟體,藍芽連線_BlueDevil,蓝牙连接_BlueDevil,KDE内置的蓝芽传输软件,蓝牙连接_BlueDevil,Network,,,,,,Bluetooth connection _BlueDevil,KDE built-in Bluetooth transfer software,Bluetooth connectivity _BlueDevil,Network
extras-nitroshare.desktop,連線分享_Nitroshare,跨平台區域網路檔案分享軟體,連線分享_Nitroshare,连接分享_Nitroshare,跨平台局域网文件分享软件,连接分享_Nitroshare,Network,,,,,,Connection Sharing _Nitroshare,Cross-platform LAN file sharing software,Connection sharing _Nitroshare,Network
remmina.desktop,遠端連線_Remmina,遠端桌面的連線軟體，功能類似 TeamViewer,遠端連線_Remmina,远程连接_Remmina,远程桌面的连接软件，功能类似TeamViewer,远程连接_Remmina,Network,,,,,,Remote connections _Remmina,"Remote desktop connection software, functions like TeamViewer",Remote connection _Remmina,Network
skype.desktop,即時通訊_Skype,知名的網路語音通話軟體,即時通訊_Skype,即时通讯_Skype,知名的网络语音通话软件,即时通讯_Skype,Network,,,,,,Chat _Skype,Known Internet voice software,Chat _Skype,Network
evolution.desktop,郵件管理_Evolution,集合電子郵件，行事曆與工作排程等功能的郵件管理軟體,郵件管理_Evolution,邮件管理_Evolution,集合电子邮件，行事历与工作调度等功能的邮件管理软件,邮件管理_Evolution,Network,,,,,,Mail management _Evolution,"A collection of e-mail, calendar and scheduling functions work e-mail management software",Mail management _Evolution,Network
gftp.desktop,檔案傳輸_gFTP,FTP檔案傳輸軟體 ,檔案傳輸_gFTP,文件传输_gFTP,FTP文件传输软件,文件传输_gFTP,Network,,,,,,File Transfer _gFTP,FTP file transfer software,File Transfer _gFTP,Network
meiga.desktop,檔案分享_Meiga,透過 Meiga 可以輕易做到類似網路上的芳鄰來分享檔案,檔案分享_Meiga,文件分享_Meiga,通过Meiga可以轻易做到类似网络上的芳邻来分享文件,文件分享_Meiga,Network,,,,,,File Sharing _Meiga,It can easily be done by Meiga Neighborhood on a similar network to share files,File Sharing _Meiga,Network
pppoeconf.desktop,網路連線_pppoeconf,連線設定工具,網路連線_pppoeconf,网络连接_pppoeconf,连接设置工具,网络连接_pppoeconf,Network,,,,,,Internet connection _pppoeconf,Connection Settings tool,Fi _pppoeconf,Network
miro.desktop,網路電視_Miro,Miro 是一套內含 Mozilla 瀏覽器及VLC 播放軟體的跨平台影音播放軟體,網路電視_Miro,网络电视_Miro,Miro是一套内含Mozilla瀏覽器及VLC播放軟體的跨平台影音播放軟體,网络电视_Miro,Network,,,,,,Internet TV _Miro,Miro is an embedded Mozilla browser and cross-platform VLC software to play audio and video playback software,Web TV _Miro,Network
iptux.desktop,區域分享_iptux,區域網際網路通訊工具,區域分享_iptux,本地分享_iptux,本地国际互联网通讯工具,本地分享_iptux,Network,,,,,,Regional share _iptux,Local Internet communication tools,Local share _iptux,Network
wireshark.desktop,分析程式_Wireshark,抓網路封包必備的工具軟體,分析程式_Wireshark,分析程序_Wireshark,抓网络封包必备的工具软件,分析程序_Wireshark,Network,,,,,,Analysis program _Wireshark,Grasping an essential tool for software network packets,Analysis program _Wireshark,Network
transmission.desktop,Bt下載_Transmission,可透過 BitTorrent 協定來下載和分享檔案 ,Bt下載_Transmission,Bt下载_Transmission,可通过BitTorrent协议来下载和分享文件,Bt下载_Transmission,Network,,,,,,Bt download _Transmission,Via BitTorrent protocol to download and share files,Bt download _Transmission,Network
tsclient.desktop,終端伺服器客戶端,遠端連線程式,終端伺服器客戶端,终端服务器客户端,远程连接程序,终端服务器客户端,Network,,,,,,Terminal Server Client,Remote connection program,Terminal Server Client,Network
#,免費軟體_TeamViewer,一個方便好用的遠端電腦連線軟體,免費軟體_TeamViewer,免费软件_TeamViewer,一个方便好用的远程计算机连接软件,免费软件_TeamViewer,Network,,,,,,Freeware _TeamViewer,A computer connected to a user-friendly remote software,Freeware _TeamViewer,Network
#遊戲,,,,,,,,,,,,,,,,
blinken.desktop,記憶遊戲_Blinken,訓練記憶力的小遊戲,記憶遊戲_Blinken,记忆游戏_Blinken,训练记忆力的小游戏,记忆游戏,Game,,,,,,Memory Game _Blinken,Small memory training game,Memory Game,Game
picmi.desktop,邏輯遊戲_Picmi,訓練邏輯能力的小遊戲,邏輯遊戲_Picmi,逻辑游戏_Picmi,训练逻辑能力的小游戏,逻辑游戏_Picmi,Game,,,,,,Logic Games _Picmi,Training logic capability games,Logic Games _Picmi,Game
granatier.desktop,炸彈超人_Granatier,類似炸彈超人的遊戲,炸彈超人_Granatier,炸弹超人_Granatier,类似炸弹超人的游戏,炸弹超人_Granatier,Game,,,,,,Zhadanchaoren _Granatier,Similar games Zhadanchaoren,Zhadanchaoren _Granatier,Game
tuxtype.desktop,打字遊戲_Tux Typing,適合小朋友及電腦初學者練習打字的遊戲軟體,打字遊戲_Tux Typing,打字游戏_TuxTyping,适合小朋友及计算机初学者练习打字的游戏软件,打字游戏_TuxTyping,Game,,,,,,_Tux Typing Typing Games,Suitable for children and beginners to practice typing computer game software,Typing games _TuxTyping,Game
tuxmath.desktop,數學遊戲_TuxMath,練習數學加減乘除的遊戲,數學遊戲_TuxMath,数学游戏_TuxMath,练习数学加减乘除的游戏,数学游戏_TuxMath,Game,,,,,,Math games _TuxMath,Exercise Mathematics Math Games,Math games _TuxMath,Game
ksudoku.desktop,數獨遊戲_KSudoku,數獨遊戲,數獨遊戲_KSudoku,数独游戏_KSudoku,数独游戏,数独游戏_KSudoku,Game,,,,,,Sudoku _KSudoku,Sudoku,Sudoku _KSudoku,Game
gnome-sudoku.desktop,數獨遊戲_gnome-sudoku,透過數字格子題目來訓練邏輯能力的遊戲,數獨遊戲_gnome-sudoku,数独游戏_gnome-sudoku,通过数字格子题目来训练逻辑能力的游戏,数独游戏_gnome-sudoku,Game,,,,,,Sudoku _gnome-sudoku,Through digital grid title game to train logic skills,Sudoku _gnome-sudoku,Game
pingus.desktop,企鵝歷險_Pingus,拯救題目要求的企鵝數量即可過關，是訓練邏輯思考的遊戲,企鵝歷險_Pingus,企鹅历险_Pingus,拯救题目要求的企鹅数量即可过关，是训练逻辑思考的游戏,企鹅历险_Pingus,Game,,,,,,Penguin Adventures _Pingus,"Save the questions asked by the number of penguins to cross the border, is the training of logical thinking game",Penguin Adventures _Pingus,Game
supertux2.desktop,超級企鵝_SuperTux,類似瑪琍歐的闖關遊戲,超級企鵝_SuperTux,超级企鹅_SuperTux,类似玛琍欧的闯关游戏,超级企鹅_SuperTux,Game,,,,,,Super Penguins _SuperTux,Similar Ma Li Europe invented a game,Super Penguins _SuperTux,Game
supertuxkart.desktop,賽車遊戲_Supertuxkart,3D賽車遊戲,賽車遊戲_Supertuxkart,赛车游戏_Supertuxkart,3D赛车游戏,赛车游戏_Supertuxkart,Game,,,,,,Racing games _Supertuxkart,3D racing game,Racing games _Supertuxkart,Game
kapman.desktop,小精靈_Kapman,吃掉所有的豆子，並設法逃避小精靈的追捕，你就可以過關囉！,小精靈_Kapman,小向导_Kapman,吃掉所有的豆子，并设法逃避小向导的追捕，你就可以过关罗！,小向导_Kapman,Game,,,,,,Elf _Kapman,"Eat all the beans, and managed to evade capture small wizard, you can pass Lo!",Little Wizard _Kapman,Game
KGoldrunner.desktop,闖關遊戲_KGoldrunner ,尋找金塊，躲避敵人，並解謎，就可以成功闖關！,闖關遊戲_KGoldrunner ,闯关游戏_KGoldrunner,寻找金块，躲避敌人，并解谜，就可以成功闯关！,闯关游戏_KGoldrunner,Game,,,,,,Invented a game _KGoldrunner,"Looking for gold, dodging enemies, and solve puzzles, you can successfully break through the barrier!",Invented a game _KGoldrunner,Game
frozen-bubble.desktop,泡泡龍_Frozen-Bubble,射完所有泡泡即可過關，是練習思考及反應力的遊戲,泡泡龍_Frozen-Bubble,泡泡龙_Frozen-Bubble,射完所有泡泡即可过关，是练习思考及反应力的游戏,泡泡龙_Frozen-Bubble,Game,,,,,,_Frozen-Bubble Bobble,"All finished shooting bubbles can cross the border, and the reaction force is to practice Thinking Games",_Frozen-Bubble Bobble,Game
klickety.desktop,棋盤遊戲_Klickety,棋盤遊戲,棋盤遊戲_Klickety,棋盘游戏_Klickety,棋盘游戏,棋盘游戏_Klickety,Game,,,,,,Board games _Klickety,board game,Board games _Klickety,Game
kdiamond.desktop,寶石方塊_KDiamond ,把三個相同的寶石連成一線即可得分,寶石方塊_KDiamond ,宝石方块_KDiamond,把三个相同的宝石连成一线即可得分,宝石方块_KDiamond,Game,,,,,,Bejeweled _KDiamond,The three identical Bao Shi Liancheng line to score,Bejeweled _KDiamond,Game
ksame.desktop,棋盤遊戲_SameGame,棋盤遊戲,棋盤遊戲_SameGame,棋盘游戏_SameGame,棋盘游戏,棋盘游戏_SameGame,Game,,,,,,Board games _SameGame,board game,Board games _SameGame,Game
kblocks.desktop,俄羅斯方塊_KBlocks,將方塊消除即可得分，是訓練思考及反應力的遊戲,俄羅斯方塊_KBlocks,俄罗斯方块_KBlocks,将方块消除即可得分，是训练思考及反应力的游戏,俄罗斯方块_KBlocks,Game,,,,,,Tetris _KBlocks,"The box score can eliminate, Reflection and Reaction force is training game",Tetris _KBlocks,Game
palapeli.desktop,拼圖遊戲_Palapeli,拼圖遊戲,拼圖遊戲_Palapeli,拼图游戏_Palapeli,拼图游戏,拼图游戏_Palapeli,Game,,,,,,Jigsaw puzzle _Palapeli,Jigsaw Puzzle,Jigsaw puzzle _Palapeli,Game
kubrick.desktop,魔術方塊_Kubrick,立體魔術方塊遊戲,魔術方塊_Kubrick,魔术方块_Kubrick,立体魔术方块游戏,魔术方块_Kubrick,Game,,,,,,Rubik's Cube _Kubrick,Three-dimensional Rubik's Cube game,Rubik's Cube _Kubrick,Game
ksquares.desktop,連線方塊_KSquares,將線連起來組成方塊,連線方塊_KSquares,连接方块_KSquares,将线连起来组成方块,连接方块_KSquares,Game,,,,,,Connection box _KSquares,The line is connected together to form a block,Connect Box _KSquares,Game
knetwalk.desktop,連線大師_KNetWalk,透過不同管線連接的方式傳送電源給電腦的益智小遊戲,連線大師_KNetWalk,连接大师_KNetWalk,通过不同流水线连接的方式传送电源给计算机的益智小游戏,连接大师_KNetWalk,Game,,,,,,Connection master _KNetWalk,Transferring power to the computer by way of the pipeline connecting different puzzle games,Connected Master _KNetWalk,Game
knetwork.desktop,連線大師_knetwork,透過不同管線連接的方式傳送電源給電腦的益智小遊戲,連線大師_knetwork,连接大师_knetwork,通过不同流水线连接的方式传送电源给计算机的益智小游戏,连接大师_knetwork,Game,,,,,,Connection master _knetwork,Transferring power to the computer by way of the pipeline connecting different puzzle games,Connected Master _knetwork,Game
klines.desktop,連線遊戲_Kolor Lines,色彩連線益智遊戲,連線遊戲_Kolor Lines,连接游戏_KolorLines,色彩连接益智游戏,连接游戏_KolorLines,Game,,,,,,Line games _Kolor Lines,Color connection puzzle game,Connect game _KolorLines,Game
kmines.desktop,踩地雷_KMines,踩地雷遊戲,踩地雷_KMines,踩地雷_KMines,踩地雷游戏,踩地雷_KMines,Game,,,,,,Minesweeper _KMines,Minesweeper Games,Minesweeper _KMines,Game
katomic.desktop,倉庫番_KAtomic,倉庫番式的智力遊戲,倉庫番_KAtomic,仓库番_KAtomic,仓库番式的智力游戏,仓库番_KAtomic,Game,,,,,,Sokoban _KAtomic,Sokoban style puzzle game,Sokoban _KAtomic,Game
kblackbox.desktop,黑盒子_KBlackBox,黑盒子智力遊戲,黑盒子_KBlackBox,黑盒子_KBlackBox,黑盒子智力游戏,黑盒子_KBlackBox,Game,,,,,,Black Box _KBlackBox,Black Box Puzzles,Black Box _KBlackBox,Game
kbreakout.desktop,打磚塊_KBreakOut,打磚塊遊戲,打磚塊_KBreakOut,打砖块_KBreakOut,打砖块游戏,打砖块_KBreakOut,Game,,,,,,Arkanoid _KBreakOut,BrickBreaker,Arkanoid _KBreakOut,Game
kbounce.desktop,彈力球_KBounce,彈力球遊戲,彈力球_KBounce,弹力球_KBounce,弹力球游戏,弹力球_KBounce,Game,,,,,,Bouncy Ball _KBounce,Bouncy Ball Game,Bouncy Ball _KBounce,Game
kollision.desktop,躲避球_Kollision,訓練反應的躲避球遊戲,躲避球_Kollision,躲避球_Kollision,训练反应的躲避球游戏,躲避球_Kollision,Game,,,,,,Dodgeball _Kollision,Training reaction dodgeball game,Dodgeball _Kollision,Game
kolf.desktop,高爾夫球_Kolf,具有機關及各種打法的高爾夫球，是訓練思考力的運動類遊戲,高爾夫球_Kolf,高尔夫球_Kolf,具有机关及各种打法的高尔夫球，是训练思考力的运动类游戏,高尔夫球_Kolf,Game,,,,,,Golf _Kolf,"Having a variety of organs and play golf, we are thinking of training sports games",Golf _Kolf,Game
kdesnake.desktop,吞食蛇_Ksnake,吞食蛇遊戲,吞食蛇_Ksnake,吞食蛇_Ksnake,吞食蛇游戏,吞食蛇_Ksnake,Game,,,,,,Snake swallowed _Ksnake,Devouring snake game,Snake swallowed _Ksnake,Game
ktron.desktop,吞食蛇_KSnakeDuel,進階吞食蛇遊戲,吞食蛇_KSnakeDuel,吞食蛇_KSnakeDuel,高级吞食蛇游戏,吞食蛇_KSnakeDuel,Game,,,,,,Snake swallowed _KSnakeDuel,Advanced swallowed snake game,Snake swallowed _KSnakeDuel,Game
kigo.desktop,圍棋_Kigo,圍棋遊戲,圍棋_Kigo,围棋_Kigo,围棋游戏,围棋_Kigo,Game,,,,,,Go _Kigo,Go Game,Go _Kigo,Game
kreversi.desktop,黑白棋_KReversi,黑白棋棋盤遊戲,黑白棋_KReversi,黑白棋_KReversi,黑白棋棋盘游戏,黑白棋_KReversi,Game,,,,,,Reversi _KReversi,Reversi Board Game,Reversi _KReversi,Game
kfourinline.desktop,四子棋_KfourInLine,四子棋棋盤遊戲,四子棋_KfourInLine,四子棋_KfourInLine,四子棋棋盘游戏,四子棋_KfourInLine,Game,,,,,,Four sons chess _KfourInLine,Four sons chess board game,Four sons chess _KfourInLine,Game
kbovo.desktop,五子棋_kbovo,五子棋棋盤遊戲,五子棋_kbovo,五子棋_kbovo,五子棋棋盘游戏,五子棋_kbovo,Game,,,,,,Backgammon _kbovo,Backgammon board game,Backgammon _kbovo,Game
bovo.desktop,五子棋_Bovo,五子棋棋盤遊戲,五子棋_Bovo,五子棋_Bovo,五子棋棋盘游戏,五子棋_Bovo,Game,,,,,,Backgammon _Bovo,Backgammon board game,Backgammon _Bovo,Game
kajongg.desktop,麻將遊戲_Kajongg,傳統四人麻將遊戲,麻將遊戲_Kajongg,麻将游戏_Kajongg,传统四人麻将游戏,麻将游戏_Kajongg,Game,,,,,,Mahjong game _Kajongg,Four traditional mahjong game,Mahjong game _Kajongg,Game
kmahjongg.desktop,麻將遊戲_KMahjongg,訓練記憶配對的上海麻將遊戲,麻將遊戲_KMahjongg,麻将游戏_KMahjongg,训练记忆配对的上海麻将游戏,麻将游戏_KMahjongg,Game,,,,,,Mahjong game _KMahjongg,Training memory paired Shanghai Mahjong game,Mahjong game _KMahjongg,Game
kshisen.desktop,麻將遊戲_Shisen-Sho,訓練記憶配對的四川省麻將遊戲,麻將遊戲_Shisen-Sho,麻将游戏_Shisen-Sho,训练记忆配对的四川省麻将游戏,麻将游戏_Shisen-Sho,Game,,,,,,Mahjong game _Shisen-Sho,Training Memory Matching Game Sichuan Mahjong,Mahjong game _Shisen-Sho,Game
kiriki.desktop,骰子遊戲_Kiriki,骰子遊戲,骰子遊戲_Kiriki,骰子游戏_Kiriki,骰子游戏,骰子游戏_Kiriki,Game,,,,,,Dice game _Kiriki,Dice Game,Dice game _Kiriki,Game
kjumpingcube.desktop,骰子遊戲_KJumpingCube,以骰子為主題的策略遊戲,骰子遊戲_KJumpingCube,骰子游戏_KJumpingCube,以骰子为主题的策略游戏,骰子游戏_KJumpingCube,Game,,,,,,Dice game _KJumpingCube,With dice-themed strategy game,Dice game _KJumpingCube,Game
lskat.desktop,紙牌遊戲_LSkat,紙牌遊戲,紙牌遊戲_LSkat,纸牌游戏_LSkat,纸牌游戏,纸牌游戏_LSkat,Game,,,,,,Card games _LSkat,Card games,Card games _LSkat,Game
kpat.desktop,紙牌遊戲_KPatience,單人玩的紙牌遊戲,紙牌遊戲_KPatience,纸牌游戏_KPatience,单人玩的纸牌游戏,纸牌游戏_KPatience,Game,,,,,,Card games _KPatience,Single player card game,Card games _KPatience,Game
bomber.desktop,戰鬥機_bomber,戰鬥機遊戲,戰鬥機_bomber,战斗机_bomber,战斗机游戏,战斗机_bomber,Game,,,,,,Fighter _bomber,Fighter Games,Fighter _bomber,Game
konquest.desktop,銀河征戰_Konquest,銀河戰略遊戲,銀河征戰_Konquest,银河征战_Konquest,银河战略游戏,银河征战_Konquest,Game,,,,,,Galaxy campaign _Konquest,Galactic Strategy Game,Galaxy campaign _Konquest,Game
kbattleship.desktop,海上戰爭_kbattleship,擊沉船隻的遊戲,海上戰爭_kbattleship,海上战争_kbattleship,击沉船只的游戏,海上战争_kbattleship,Game,,,,,,Sea War _kbattleship,Sinking ship game,Sea War _kbattleship,Game
kspaceduel.desktop,決戰星空_KSpaceDuel ,以星際戰爭為主題的大型遊戲機遊戲,決戰星空_KSpaceDuel ,决战星空_KSpaceDuel,以星际战争为主题的大型游戏机游戏,决战星空_KSpaceDuel,Game,,,,,,Battle Star _KSpaceDuel,In Star Wars themed game big game,Battle Star _KSpaceDuel,Game
killbots.desktop,征服機器人_Killbots,征服機器人遊戲,征服機器人_Killbots,征服机器人_Killbots,征服机器人游戏,征服机器人_Killbots,Game,,,,,,Conquest robot _Killbots,Conquest robot game,Conquest robot _Killbots,Game
ksirk.desktop,征服世界_KsirK,征服世界戰略遊戲,征服世界_KsirK,征服世界_KsirK,征服世界战略游戏,征服世界_KsirK,Game,,,,,,To conquer the world _KsirK,Strategy game to conquer the world,To conquer the world _KsirK,Game
ksirkskineditor.desktop,征服世界_KsirK Editor,征服世界戰略遊戲的外觀編輯器,征服世界_KsirK Editor,征服世界_KsirKEditor,征服世界战略游戏的外观编辑器,征服世界_KsirKEditor,Game,,,,,,To conquer the world _KsirK Editor,To conquer the world strategy game appearance editor,To conquer the world _KsirKEditor,Game
gnotski.desktop,華容道_gnotski,透過推箱子到目地的方式來訓練邏輯能力的遊戲,華容道_gnotski,华容道_gnotski,通过推箱子到目地的方式来训练逻辑能力的游戏,华容道_gnotski,Game,,,,,,Huarong _gnotski,To head to a way to train logic skills through game Sokoban,Huarong _gnotski,Game
gnotravex.desktop,數字拼圖_gnotravex,透過簡單拼圖遊戲訓練邏輯思考能力,數字拼圖_gnotravex,数字拼图_gnotravex,通过简单拼图游戏训练逻辑思考能力,数字拼图_gnotravex,Game,,,,,,Digital puzzle _gnotravex,Simple jigsaw puzzle training logical thinking,Digital puzzle _gnotravex,Game
pinball.desktop,彈珠台_Pinball,透過彈珠的彈射來得分，是練習專注力及反應力的遊戲,彈珠台_Pinball,弹珠台_Pinball,通过弹珠的弹射来得分，是练习专注力及反应力的游戏,弹珠台_Pinball,Game,,,,,,Pinball _Pinball,By ejection marbles to score is to practice mindfulness and responsiveness of the game,Pinball _Pinball,Game
lbreakout2.desktop,打磚塊_lbreakout2,敲完所有的磚塊即過關，是練習專注力及反應力的遊戲,打磚塊_lbreakout2,打砖块_lbreakout2,敲完所有的砖块即过关，是练习专注力及反应力的游戏,打砖块_lbreakout2,Game,,,,,,Arkanoid _lbreakout2,"Qiaowan all bricks namely clearance, is to practice mindfulness and responsiveness of the game",Arkanoid _lbreakout2,Game
kblocks.desktop,俄羅斯方塊_KBlocks,將方塊消除即可得分，是訓練思考及反應力的遊戲,俄羅斯方塊_KBlocks,俄罗斯方块_KBlocks,将方块消除即可得分，是训练思考及反应力的游戏,俄罗斯方块_KBlocks,Game,,,,,,Tetris _KBlocks,"The box score can eliminate, Reflection and Reaction force is training game",Tetris _KBlocks,Game
kolf.desktop,高爾夫球_Kolf,具有機關及各種打法的高爾夫球，是訓練思考力的遊戲,高爾夫球_Kolf,高尔夫球_Kolf,具有机关及各种打法的高尔夫球，是训练思考力的游戏,高尔夫球_Kolf,Game,,,,,,Golf _Kolf,"Having a variety of organs and play golf, we are thinking training game",Golf _Kolf,Game
tuxpuck.desktop,桌上冰球_Tuxpuck,類似冰上曲棍球，是訓練反應力的遊戲,桌上冰球_Tuxpuck,桌上冰球_Tuxpuck,类似冰上曲棍球，是训练反应力的游戏,桌上冰球_Tuxpuck,Game,,,,,,Hockey _Tuxpuck,"Similar to ice hockey, is the training of the reaction force of the game",Hockey _Tuxpuck,Game
glchess.desktop,國際象棋_glchess,國際象棋，支持多種引擎，並且具有2D、3D外觀支持。,國際象棋_glchess,国际象棋_glchess,国际象棋，支持多种引擎，并且具有2D、3D外观支持。,国际象棋_glchess,Game,,,,,,Chess _glchess,"Chess, supports a variety of engines, and has 2D, 3D appearance of the support.",Chess _glchess,Game
mahjongg.desktop,上海麻將_mahjongg,將不斷掉落的各形狀方塊拼合在一起，是訓練思考及觀察力的遊戲,上海麻將_mahjongg,上海麻将_mahjongg,将不断掉落的各形状方块拼合在一起，是训练思考及观察力的游戏,上海麻将_mahjongg,Game,,,,,,Shanghai Mahjong _mahjongg,"Each shape block will continue to drop put together, is the training and observation Thinking Games",Shanghai Mahjong _mahjongg,Game
gnomine.desktop,踩地雷_gnomine,清除方格陣中隱藏的地雷即過關，是訓練邏輯計算力的遊戲,踩地雷_gnomine,踩地雷_gnomine,清除方格阵中隐藏的地雷即过关，是训练逻辑计算力的游戏,踩地雷_gnomine,Game,,,,,,Minesweeper _gnomine,"Clear grid array that is hidden mine clearance, training is a logical computing power game",Minesweeper _gnomine,Game
sol.desktop,接龍遊戲_AisleRiot ,不同類型的接龍遊戲，是訓練思考及觀察力的遊戲,接龍遊戲_AisleRiot ,接龙游戏_AisleRiot,不同类型的接龙游戏，是训练思考及观察力的游戏,接龙游戏_AisleRiot,Game,,,,,,Solitaire _AisleRiot,"Different types of Solitaire games, is the training and observation Thinking Games",Solitaire _AisleRiot,Game
#教育,,,,,,,,,,,,,,,,
R.desktop,統計_R,一套統計領域相當出名的軟體,統計_R,统计_R,一套统计领域相当出名的软件,统计_R,Education,,,,,,Statistics _R,A set of statistical areas quite famous software,Statistics _R,Education
rkward.desktop,統計_RKward,R 的 KDE 前端介面,統計_RKward,统计_RKward,R的KDE前端界面,统计_RKward,Education,,,,,,Statistics _RKward,KDE front-end interface of R,Statistics _RKward,Education
gnumeric.desktop,統計_Gnumeric,統計軟體,統計_Gnumeric,统计_Gnumeric,统计软件,统计_Gnumeric,Education,,,,,,Statistics _Gnumeric,Statistics Software,Statistics _Gnumeric,Education
gcompris.desktop,幼教_GCompris,一套適合二到十歲的教育遊戲，內含電腦、數學、語言等類別,幼教_GCompris,幼教_GCompris,一套适合二到十岁的教育游戏，内含计算机、数学、语言等类型,幼教_GCompris,Education,,,,,,Preschool _GCompris,"Set for two to ten educational games, containing computers, mathematics, language and other types",Preschool _GCompris,Education
gcompris-edit.desktop,幼教_GCompris Edit,Gcompris 管理器,幼教_GCompris Edit,幼教_GComprisEdit,Gcompris管理器,幼教_GComprisEdit,Education,,,,,,Preschool _GCompris Edit,Gcompris Manager,Preschool _GComprisEdit,Education
ktouch.desktop,打字練習_KTouch,適合小朋友及電腦初學者練習打字的軟體,打字練習_KTouch,打字练习_KTouch,适合小朋友及计算机初学者练习打字的软件,打字练习_KTouch,Education,,,,,,Typing practice _KTouch,Suitable for children and computer beginners to practice typing software,Typing practice _KTouch,Education
klavaro.desktop,打字練習_Klavaro,適合小朋友及電腦初學者練習打字的軟體,打字練習_Klavaro,打字练习_Klavaro,适合小朋友及计算机初学者练习打字的软件,打字练习_Klavaro,Education,,,,,,Typing practice _Klavaro,Suitable for children and computer beginners to practice typing software,Typing practice _Klavaro,Education
ktuberling.desktop,馬鈴薯小子_Ktuberling,一款為小朋友設計的語言學習遊戲,馬鈴薯小子_Ktuberling,马铃薯小子_Ktuberling,一款为小朋友设计的语言学习游戏,马铃薯小子_Ktuberling,Education,,,,,,Potato Boy _Ktuberling,Learning a language game is designed for children,Potato Boy _Ktuberling,Education
anki.desktop,閃示卡記憶_Anki,可插入影音的快閃式字卡練習軟體,閃示卡記憶_Anki,闪示卡记忆_Anki,可插入影音的快闪式字卡练习软件,闪示卡记忆_Anki,Education,,,,,,Flash memory card shown _Anki,Pluggable audio and video flash card word practice software,Flash memory card shown _Anki,Education
parley.desktop,語言_Parley,英文字彙訓練的軟體,語言_Parley,语言_Parley,英文字汇训练的软件,语言_Parley,Education,,,,,,Language _Parley,Training software vocabulary of English words,Language _Parley,Education
klettres.desktop,語言_KLettres,字母與發音學習程式,語言_KLettres,语言_KLettres,字母与发音学习程序,语言_KLettres,Education,,,,,,Language _KLettres,Letters and sounds learning program,Language _KLettres,Education
kwordquiz.desktop,語言_KWordQuiz,可利用閃卡學習單字的軟體,語言_KWordQuiz,语言_KWordQuiz,可利用闪卡学习单字的软件,语言_KWordQuiz,Education,,,,,,Language _KWordQuiz,Available flash card learning words software,Language _KWordQuiz,Education
kanagram.desktop,語言_Kanagram,字母排序遊戲,語言_Kanagram,语言_Kanagram,字母排序游戏,语言_Kanagram,Education,,,,,,Language _Kanagram,Alphabetically game,Language _Kanagram,Education
khangman.desktop,語言_KHangMan,單字記憶遊戲,語言_KHangMan,语言_KHangMan,单字记忆游戏,语言_KHangMan,Education,,,,,,Language _KHangMan,Word memory game,Language _KHangMan,Education
step.desktop,物理_Step,物理模擬軟體,物理_Step,物理_Step,物理仿真软件,物理_Step,Education,,,,,,Physical _Step,Simulation Software,Physical _Step,Education
OpticalRayTracer.desktop,物理光學_OpticalRayTracer,物理光學軟體,物理光學_OpticalRayTracer,物理光学_OpticalRayTracer,物理光学软件,物理光学_OpticalRayTracer,Education,,,,,,Physical Optics _OpticalRayTracer,Physical Optics Software,Physical Optics _OpticalRayTracer,Education
marble.desktop,地理_Marble,學習地理、地圖瀏覽的軟體,地理_Marble,地理_Marble,学习地理、地图浏览的软件,地理_Marble,Education,,,,,,Geography _Marble,"Learning geography, map browsing software",Geography _Marble,Education
kgeography.desktop,地理_KGeography,學習地理、地圖瀏覽的軟體,地理_KGeography,地理_KGeography,学习地理、地图浏览的软件,地理_KGeography,Education,,,,,,Geography _KGeography,"Learning geography, map browsing software",Geography _KGeography,Education
googleearth.desktop,地球儀_Google Earth,結合衛星、圖資與GIS的地球儀軟體,地球儀_Google Earth,地球仪_GoogleEarth,结合卫星、图资与GIS的地球仪软件,地球仪_GoogleEarth,Education,,,,,,Globe _Google Earth,"Combining satellite, map data and GIS software globes",Globe _GoogleEarth,Education
kstars.desktop,天文_KStars,顯示時間、天氣和地理位置的星相軟體,天文_KStars,天文_KStars,显示时间、天气和地理位置的星相软件,天文_KStars,Education,,,,,,Astronomy _KStars,"Display the time, weather and geographical location astrological software",Astronomy _KStars,Education
stellarium.desktop,天文_Stellarium,即時顯示時間和所在位置的星座軟體,天文_Stellarium,天文_Stellarium,即时显示时间和所在位置的星座软件,天文_Stellarium,Education,,,,,,Astronomy _Stellarium,Instant display the time and location of the constellation software,Astronomy _Stellarium,Education
celestia.desktop,天文_Celestia,可流暢地顯示高解析度影像的天文軟體,天文_Celestia,天文_Celestia,可流畅地显示高分辨率影像的天文软件,天文_Celestia,Education,,,,,,Astronomy _Celestia,It can smoothly display high-resolution images of astronomical software,Astronomy _Celestia,Education
kbruch.desktop,數學_KBruch,學習計算與分數的軟體,數學_KBruch,数学_KBruch,学习计算与分数的软件,数学_KBruch,Education,,,,,,Mathematics _KBruch,Learning Computing and Software Score,Mathematics _KBruch,Education
kig.desktop,數學_Kig,用於描繪幾何結構的軟體,數學_Kig,数学_Kig,用于描绘几何结构的软件,数学_Kig,Education,,,,,,Mathematics _Kig,Software for drawing geometry,Mathematics _Kig,Education
drgeo.desktop,數學_Dr.Geo,尺規製圖的幾何數理軟體,數學_Dr.Geo,数学_Dr.Geo,尺规制图的几何数理软件,数学_Dr.Geo,Education,,,,,,Mathematics _Dr.Geo,Ruler mathematical geometric drawing software,Mathematics _Dr.Geo,Education
kmplot.desktop,數學_KmPlot,繪製數學函數的軟體,數學_KmPlot,数学_KmPlot,绘制数学函数的软件,数学_KmPlot,Education,,,,,,Mathematics _KmPlot,Drawing mathematical functions Software,Mathematics _KmPlot,Education
geogebra.desktop,數學_GeoGebra,繪製幾何圖形的軟體,數學_GeoGebra,数学_GeoGebra,绘制几何图形的软件,数学_GeoGebra,Education,,,,,,Mathematics _GeoGebra,Drawing geometry software,Mathematics _GeoGebra,Education
wxmaxima.desktop,數學_wxMaxima,用LISP編寫的計算機代數系統，用於公式推導和符號計算,數學_wxMaxima,数学_wxMaxima,用LISP编写的计算器代数系统，用于公式推导和符号计算,数学_wxMaxima,Education,,,,,,Mathematics _wxMaxima,Written in LISP calculator algebraic system for deriving formulas and symbolic computation,Mathematics _wxMaxima,Education
kalgebra.desktop,數學_KAlgebra,圖形計算器,數學_KAlgebra,数学_KAlgebra,图形计算机,数学_KAlgebra,Education,,,,,,Mathematics _KAlgebra,Computer Graphics,Mathematics _KAlgebra,Education
cantor.desktop,數學_Cantor,KAlgebra圖形計算器的前端介面,數學_Cantor,数学_Cantor,KAlgebra图形计算机的后端界面,数学_Cantor,Education,,,,,,Mathematics _Cantor,KAlgebra computer graphics backend interface,Mathematics _Cantor,Education
kayali.desktop,數學_Kayali,圖形介面之運算 (Maxima) 及繪圖 (GNUplot) 軟體,數學_Kayali,数学_Kayali,图形界面之运算(Maxima)及绘图(GNUplot)软件,数学_Kayali,Education,,,,,,Mathematics _Kayali,Graphical interface of the operation (Maxima) and graphics (GNUplot) Software,Mathematics _Kayali,Education
geometria.desktop,數學_geometria,繪製幾何圖形,數學_geometria,数学_geometria,绘制几何图形,数学_geometria,Education,,,,,,Mathematics _geometria,Drawing Geometry,Mathematics _geometria,Education
rocs.desktop,資料結構分析_Rocs,圖形理論資料結構分析工具,資料結構分析_Rocs,数据结构分析_Rocs,图形理论数据结构分析工具,数据结构分析_Rocs,Education,,,,,,Data Structure _Rocs,Graph theory data structure analysis tools,Data structure analysis _Rocs,Education
kalzium.desktop,化學_Kalzium,元素週期表軟體,化學_Kalzium,化学_Kalzium,元素周期表软件,化学_Kalzium,Education,,,,,,Chemical _Kalzium,Periodic Table of Elements software,Chemical _Kalzium,Education
bkchem.desktop,化學_BKchem,平面化學分子的繪圖軟體,化學_BKchem,化学_BKchem,平面化学分子的绘图软件,化学_BKchem,Education,,,,,,Chemical _BKchem,Chemical molecules plane mapping software,Chemical _BKchem,Education
ghemical.desktop,化學_Ghemical,化學立體分子繪圖軟體,化學_Ghemical,化学_Ghemical,化学立体分子绘图软件,化学_Ghemical,Education,,,,,,Chemical _Ghemical,Three-dimensional molecular chemical drawing software,Chemical _Ghemical,Education
avogadro.desktop,化學_Avogadro,化學立體分子繪圖軟體,化學_Avogadro,化学_Avogadro,化学立体分子绘图软件,化学_Avogadro,Education,,,,,,Chemical _Avogadro,Three-dimensional molecular chemical drawing software,Chemical _Avogadro,Education
gchempaint-0.12.desktop,化學_GchemPaint,化學結構編輯軟體,化學_GchemPaint,化学_GchemPaint,化学结构编辑软件,化学_GchemPaint,Education,,,,,,Chemical _GchemPaint,The chemical structure editing software,Chemical _GchemPaint,Education
gchempaint-0.14.desktop,化學_GchemPaint,化學結構編輯軟體,化學_GchemPaint,化学_GchemPaint,化学结构编辑软件,化学_GchemPaint,Education,,,,,,Chemical _GchemPaint,The chemical structure editing software,Chemical _GchemPaint,Education
pymol.desktop,生化_Pymol,立體分子繪圖及看圖軟體,生化_Pymol,生化_Pymol,立体分子绘图及看图软件,生化_Pymol,Education,,,,,,Biochemical _Pymol,Three-dimensional molecule drawing and charting software,Biochemical _Pymol,Education
ballview.desktop,生化_BALLView,3D分子建模生化軟體,生化_BALLView,生化_BALLView,3D分子建模生化软件,生化_BALLView,Education,,,,,,Biochemical _BALLView,3D molecular modeling software biochemistry,Biochemical _BALLView,Education
#程式開發,,,,,,,,,,,,,,,,
scratch.desktop,程式設計_Scratch,一套圖形化程式設計軟體，適合8歲以上的中小學生作為學習程式設計的入門軟體,程式設計_Scratch,编程_Scratch,一套图形化编程软件，适合8岁以上的中小学生作为学习编程的入门软件,编程_Scratch,Development,,,,,,Programming _Scratch,A graphical programming software for students over the age of 8 as a learning introductory programming software,Programming _Scratch,Development
s4a.desktop,程式設計_S4A,结合Scratch與Arduino，讓孩子們學習程式設計的入門軟體,程式設計_S4A,编程_S4A,结合Scratch与Arduino，让孩子们学习编程的入门软件,编程_S4A,Development,,,,,,Programming _S4A,"Scratch combined with Arduino, so that children learn introductory programming software",Programming _S4A,Development
arduino.desktop,程式設計_Arduino,將 Firmware 寫入 Arduino 板子的軟體,程式設計_Arduino,编程_Arduino,可将 Firwmware 写入 Arduino 板子的软件,编程_Arduino,Development,,,,,,Programming _Arduino,Firwmware can write Arduino board software,Programming _Arduino,Development
greenfoot.desktop,程式設計_Greenfoot,一套圖形化程式設計軟體，適合學習  JAVA 程式語言設計的入門軟體,程式設計_Greenfoot,编程_Greenfoot,一套图形化编程软件，适合学习JAVA程序语言设计的入门软件,编程_Greenfoot,Development,,,,,,Programming _Greenfoot,A graphical programming software for learning JAVA programming language design entry software,Programming _Greenfoot,Development
alice.desktop,程式設計_Alice,圖形化 3D 動畫程式設計 ,程式設計_Alice,编程_Alice,图形化3D动画编程,编程_Alice,Development,,,,,,Programming _Alice,Graphical programming 3D animation,Programming _Alice,Development
kturtle.desktop,程式設計_KTurtle,適合用於小朋友學習寫程式的入門軟體,程式設計_KTurtle,编程_KTurtle,适合用于小朋友学习写程序的入门软件,编程_KTurtle,Development,,,,,,Programming _KTurtle,Suitable for children to learn to write software program entry,Programming _KTurtle,Development
squeak.desktop,程式設計_Squeak,適合用於小朋友學習寫程式的入門軟體,程式設計_Squeak,编程_Squeak,适合用于小朋友学习写程序的入门软件,编程_Squeak,Development,,,,,,Programming _Squeak,Suitable for children to learn to write software program entry,Programming _Squeak,Development
geany.desktop,整合開發環境_Geany,多功能的整合開發環境編輯軟體,整合開發環境_Geany,集成开发环境_Geany,多功能的整合开发环境编辑软件,整合开发环境_Geany,Development,,,,,,Integrated Development Environment _Geany,Versatile editing software integrated development environment,Integrated Development Environment _Geany,Development
#自由教材,,,,,,,,,,,,,,,,
openc.desktop,無限延伸的自由世界,自由內容、自由教材及公共版權的考題補給站相關介紹,自由教材網,无限扩展的自由世界,自由内容、自由教材及公共版权的考题补给站相关介绍,自由教材网,Opencontent,,,,,,Unlimited extension of the free world,"Free content, free textbooks and public copyright questions related presentations depot",Free textbooks Network,Opencontent
phet.desktop,動畫模擬教學_PhET,PhET包含了物理生物化學地球科學數學等100多個動畫模擬教學範例,動畫模擬教學_PhET,动画仿真教学_PhET,PhET包含了物理生物化学地球科学数学等100多個動畫模擬教學範例,动画仿真教学_PhET,Opencontent,,,,,,Animation teaching _PhET,PhET contains more than 100 examples of the physical animation teaching mathematics Biochemistry Earth Sciences,Animated simulation teaching _PhET,Opencontent
usgs.desktop,地震動畫教學_USGS,這是美國地質調查局USGS所製作的地震動畫教學範例,地震動畫教學_USGS,地震动画教学_USGS,这是美国地质调查局USGS所制作的地震动画教学样例,地震动画教学_USGS,Opencontent,,,,,,Earthquake animation teaching _USGS,This is a sample animation teaching earthquake US Geological Survey USGS produced,Earthquake animation teaching _USGS,Opencontent
npa.desktop,物理動畫教學_Flash Animations for Physics,物理動畫教學適合國高中以上的物理課程，例如向量波力學等教學動畫,物理動畫教學_Flash Animations for Physics,物理动画教学_FlashAnimationsforPhysics,物理动画教学适合国高中以上的物理课程，例如向量波力学等教学动画,物理动画教学_FlashAnimationsforPhysics,Opencontent,,,,,,Physical Animation Teaching _Flash Animations for Physics,"Physics Course physics animations for teaching high school in the country, such as vector wave mechanics teaching animation",Physical Animation Teaching _FlashAnimationsforPhysics,Opencontent
chemical_struct.desktop,化學構造資料庫_Chemical Structure,化學構造資料庫依照官能基將有機分子分類，適合高中及大學化學生物等課程,化學構造資料庫_Chemical Structure,化学构造数据库_ChemicalStructure,化学构造数据库依照官能基将有机分子分类，适合高中及大学化学生物等课程,化学构造数据库_ChemicalStructure,Opencontent,,,,,,Chemical structure database _Chemical Structure,The chemical structure of the database in accordance with the functional groups of the organic molecular classification for high school and college courses Biological Chemistry,Chemical structure database _ChemicalStructure,Opencontent
gsyan.desktop,顏國雄老師 Flash 教材,台北市力行國小顏國雄老師開發的 Flash 教材,顏國雄老師 Flash 教材,颜国雄老师 Flash 教材,台北市力行国小颜国雄老师开发的 Flash 教材,颜国雄老师 Flash 教材,Opencontent,,,,,,Yanguo Xiong teacher textbook Flash,Taipei exercise small country Yanguo Xiong teacher materials developed Flash,Yanguo Xiong teacher textbook Flash,Opencontent
ezgo-wordtest.desktop,字音字形網體驗版,花蓮線明廉國小陳立輝老師所開發的字音字形網的離線體驗版，由成功大學學生製作,字音字形網體驗版,字音字形网体验版,花莲县明廉国小陈立辉老师所开发的字音字形网的离线体验版，由成功大学学生制作,字音字形网体验版,Opencontent,,,,,,Ziyinzixing net Trial Version,"Hualien County, the small country Lian Chen Lihui teacher developed offline experience version Ziyinzixing network by making a successful college student",Ziyinzixing net Trial Version,Opencontent
#教師工具,,,,,,,,,,,,,,,,
Open-Sankore.desktop,電子白板_Open Sankore,一套開放源碼互動式電子白板軟體,電子白板_Open Sankore,电子白板_OpenSankore,一套开放源码交互式电子白板软件,电子白板_OpenSankore,Tutorial,,,,,,Whiteboard _Open Sankore,"A set of open-source software, interactive whiteboard",Whiteboard _OpenSankore,Tutorial
jclic.desktop,教學設計_jClic,JClic 是一個電腦教學應用軟體，用於設計不同類型的教育活動，如拼圖，關聯，文字練習，填字遊戲等,教學設計_jClic,教学设计_jClic,JClic是一个计算机教学应用软件，用于设计不同类型的教育活动，如拼图，关联，文字练习，填字游戏等,教学设计_jClic,Tutorial,,,,,,Instructional Design _jClic,"JClic is teaching a computer application software for the design of different types of educational activities, such as puzzles, associations, text exercises, crossword puzzles etc.",Instructional Design _jClic,Tutorial
jclicauthor.desktop,教學設計_jClic Author,JClic 是一個電腦教學應用軟體，用於設計不同類型的教育活動，如拼圖，關聯，文字練習，填字遊戲等,教學設計_jClic Author,教学设计_jClicAuthor,JClic是一个计算机教学应用软件，用于设计不同类型的教育活动，如拼图，关联，文字练习，填字游戏等,教学设计_jClicAuthor,Tutorial,,,,,,Instructional Design _jClic Author,"JClic is teaching a computer application software for the design of different types of educational activities, such as puzzles, associations, text exercises, crossword puzzles etc.",Instructional Design _jClicAuthor,Tutorial
jclicreports.desktop,教學設計_jClic Report Server,JClic 是一個電腦教學應用軟體，用於設計不同類型的教育活動，如拼圖，關聯，文字練習，填字遊戲等,教學設計_jClic Report Server,教学设计_jClicReportServer,JClic是一个计算机教学应用软件，用于设计不同类型的教育活动，如拼图，关联，文字练习，填字游戏等,教学设计_jClicReportServer,Tutorial,,,,,,Instructional Design _jClic Report Server,"JClic is teaching a computer application software for the design of different types of educational activities, such as puzzles, associations, text exercises, crossword puzzles etc.",Instructional Design _jClicReportServer,Tutorial
ardesia.desktop,桌面畫筆_Ardesia,可錄製桌面塗鴉的軟體,桌面畫筆_Ardesia,桌面画笔_Ardesia,可录制桌面涂鸦的软件,桌面画笔_Ardesia,Tutorial,,,,,,Desktop brush _Ardesia,Desktop software can record graffiti,Desktop brush _Ardesia,Tutorial
curtain.desktop,布幕程式_Curtain,模擬背景，布幕的軟體,布幕程式_Curtain,布幕程序_Curtain,仿真后台，布幕的软件,布幕程序_Curtain,Tutorial,,,,,,Curtain program _Curtain,Simulation of the background curtain of software,Curtain program _Curtain,Tutorial
spotlighter.desktop,聚光燈_Spotlighter,顯示和移動聚光燈的軟體,聚光燈_Spotlighter,聚光灯_Spotlighter,显示和移动聚光灯的软件,聚光灯_Spotlighter,Tutorial,,,,,,Spotlight _Spotlighter,Displays and mobile software spotlight,Spotlight _Spotlighter,Tutorial
easystroke.desktop,滑鼠手勢_Easystroke,可設定滑鼠手勢來執行電腦相關作業的軟體,滑鼠手勢_Easystroke,鼠标手势_Easystroke,可设置鼠标手势来执行计算机相关作业的软件,鼠标手势_Easystroke,Tutorial,,,,,,Mouse gestures _Easystroke,You can set mouse gestures to perform job-related computer software,Mouse Gestures _Easystroke,Tutorial
qjoypad.desktop,搖桿模擬器_QJoyPad,將 USB 搖桿上的按鍵直接對映到鍵盤按鍵的軟體,搖桿模擬器_QJoyPad,摇杆模拟器_QJoyPad,将USB摇杆上的按键直接映射到键盘按键的软件,摇杆仿真器_QJoyPad,Tutorial,,,,,,Rocker simulator _QJoyPad,The USB joystick buttons on the keyboard keys are mapped directly to the software,Joystick emulator _QJoyPad,Tutorial
wiican.desktop,Wiimote設定_Wiican,Wiimote 連線及快速鍵設定的軟體,Wiimote設定_Wiican,Wiimote设置_Wiican,Wiimote连接及快速键设置的软件,Wiimote设置_Wiican,Tutorial,,,,,,Wiimote set _Wiican,Software Wiimote connection settings and shortcuts,Wiimote set _Wiican,Tutorial
wminput.desktop,Wii 手把設定_Wminput,Ｗiimote 手把連線設定軟體,Wii 手把設定_Wminput,Wii手把设置_Wminput,Ｗiimote手把连接设置软件,Wii手把设置_Wminput,Tutorial,,,,,,Wii handle set _Wminput,Wiimote handle the connection setup software,Wii handle set _Wminput,Tutorial
samba.desktop,網路芳鄰_samba,快速設定網路芳鄰的程式,網路芳鄰_samba,网上邻居_samba,快速设置网上邻居的程序,网上邻居_samba,Tutorial,,,,,,Network Neighborhood _samba,Quick Setup procedure Network Neighborhood,Network Neighborhood _samba,Tutorial
lampp.desktop,教學伺服器_lampp,可以讓你快速安裝教學伺服器的安裝程式,教學伺服器_lampp,教学服务器_lampp,可以让你快速安装教学服务器的安装程序,教学服务器_lampp,Tutorial,,,,,,Teaching server _lampp,It allows you to quickly install the server installation program teaching,Teaching server _lampp,Tutorial
italc.desktop,螢幕廣播_iTALC,iTALC 是一個可以用於電腦教室螢幕廣播與監控的軟體,螢幕廣播_iTALC,屏幕广播_iTALC,iTALC是一个可以用于计算机教室屏幕广播与监控的软件,屏幕广播_iTALC,Tutorial,,,,,,Screen Broadcast _iTALC,iTALC is a classroom computer software can be used to screen and monitor broadcast,Screen broadcast _iTALC,Tutorial
#附屬應用程式,,,,,,,,,,,,,,,,
# file-roller.desktop: 20141107 added by Franklin,,,,,,,,,,,,,,,,
file-roller.desktop,檔案壓縮_ArchiveManager,Gnome上的檔案壓縮管理程式,檔案壓縮_ArchiveManager,档案压缩_ArchiveManager,Gnome上的文档压缩管理程序,档案压缩_ArchiveManager,Utility,,,,,,File compression _ArchiveManager,Gnome document compression on management procedures,File compression _ArchiveManager,Utility
kate.desktop,文字編輯_Kate,常用文字編輯軟體,文字編輯_Kate,文字编辑_Kate,常用文字编辑软件,文字编辑_Kate,Utility,,,,,,Text editing _Kate,Common text editing software,Text editing _Kate,Utility
org.kde.kate.desktop,文字編輯_Kate,常用文字編輯軟體,文字編輯_Kate,文字编辑_Kate,常用文字编辑软件,文字编辑_Kate,Utility,,,,,,Text editing _Kate,Common text editing software,Text editing _Kate,Utility
gvim.desktop,文字編輯_Gvim,vim 文字編輯器,文字編輯_Gvim,文字编辑_Gvim,vim文字编辑器,文字编辑_Gvim,Utility,,,,,,Text editing _Gvim,vim text editor,Text editing _Gvim,Utility
vim.desktop,文字編輯_vim,vim 文字編輯器,文字編輯_vim,文字编辑_vim,vim文字编辑器,文字编辑_vim,Utility,,,,,,Text editing _vim,vim text editor,Text editing _vim,Utility
# leafpad.desktop, galculator.desktop: 20141107 added by Franklin,,,,,,,,,,,, galculator.desktop: 20141107 added by Franklin,,,
leafpad.desktop,文字編輯_Leafpad,簡易文字編輯器,文字編輯_Leafpad,文字编辑_Leafpad,简易文字编辑器,文字编辑_Leafpad,Utility,,,,,,Text editing _Leafpad,Simple Text Editor,Text editing _Leafpad,Utility
galculator.desktop,計算機_Galculator,科學計算機軟體,計算機_Galculator,计算器_Galculator,科学计算器软件,计算器_Galculator,Utility,,,,,,Computer _Galculator,Scientific Calculator Software,Calculator _Galculator,Utility
knotes.desktop,螢幕便利貼_KNotes,在螢幕上貼便條,螢幕便利貼_KNotes,屏幕便利贴_KNotes,在屏幕上贴便条,屏幕便利贴_KNotes,Utility,,,,,,Screen sticky _KNotes,In a note posted on the screen,Screen sticky _KNotes,Utility
org.kde.knotes.desktop,螢幕便利貼_KNotes,在螢幕上貼便條,螢幕便利貼_KNotes,屏幕便利贴_KNotes,在屏幕上贴便条,屏幕便利贴_KNotes,Utility,,,,,,Screen sticky _KNotes,In a note posted on the screen,Screen sticky _KNotes,Utility
# xpad.desktop: 20141107 added by Franklin,,,,,,,,,,,,,,,,
xpad.desktop,螢幕便利貼_Xpad,在螢幕上貼便條,螢幕便利貼_Xpad,屏幕便利贴_Xpad,在屏幕上贴便条,屏幕便利贴_Xpad,Utility,,,,,,Screen sticky _Xpad,In a note posted on the screen,Screen sticky _Xpad,Utility
kcalc.desktop,計算機_KCalc,KDE 上的計算機軟體,計算機_KCalc,计算器_KCalc,KDE上的计算器软件,计算器_KCalc,Utility,,,,,,Computer _KCalc,Calculator software on the KDE,Calculator _KCalc,Utility
org.kde.kcalc.desktop,計算機_KCalc,KDE 上的計算機軟體,計算機_KCalc,计算器_KCalc,KDE上的计算器软件,计算器_KCalc,Utility,,,,,,Computer _KCalc,Calculator software on the KDE,Calculator _KCalc,Utility
kmag.desktop,放大鏡_KMag,放大螢幕的某部份,放大鏡_KMag,放大镜_KMag,放大屏幕的某部份,放大镜_KMag,Utility,,,,,,Magnifier _KMag,A portion of the enlarged screen,Magnifier _KMag,Utility
kvkbd.desktop,虛擬鍵盤_Kvkbd,可以呼叫出系統的虛擬鍵盤來使用,虛擬鍵盤_Kvkbd,虚拟键盘_Kvkbd,可以调用出系统的虚拟键盘来使用,虚拟键盘_Kvkbd,Utility,,,,,,Virtual Keyboard _Kvkbd,You can call the system to use a virtual keyboard,Virtual Keyboard _Kvkbd,Utility
kmousetool.desktop,滑鼠工具_KMousetool,幫您重覆點擊避免手腕傷害,滑鼠工具_KMousetool,鼠标工具_KMousetool,帮您重复点击避免手腕伤害,鼠标工具_KMousetool,Utility,,,,,,Mouse tool _KMousetool,Help you avoid repeated clicks wrist injury,Mouse tool _KMousetool,Utility
synaptiks.desktop,觸控板設定_Synaptiks,筆電觸控版的管理程式,觸控板設定_Synaptiks,触控板设置_Synaptiks,笔电触控版的管理程序,触控板设置_Synaptiks,Utility,,,,,,Touchpad settings _Synaptiks,Laptop touchpad manager,Touchpad settings _Synaptiks,Utility
ark.desktop,壓縮工具_Ark,可以壓縮和解壓縮的軟體,壓縮工具_Ark,压缩工具_Ark,可以压缩和解压缩的软件,压缩工具_Ark,Utility,,,,,,Compression tool _Ark,The software can compress and decompress,Compression tool _Ark,Utility
org.kde.ark.desktop,壓縮工具_Ark,可以壓縮和解壓縮的軟體,壓縮工具_Ark,压缩工具_Ark,可以压缩和解压缩的软件,压缩工具_Ark,Utility,,,,,,Compression tool _Ark,The software can compress and decompress,Compression tool _Ark,Utility
7zip.desktop,壓縮工具_7zip,跨平台壓縮和解壓縮的軟體，可以避免在解壓縮時，因為不同平台而出現中文檔名亂碼的問題,壓縮工具_7zip,压缩工具_7zip,跨平台压缩和解压缩的软件，可以避免在解压缩时，因为不同平台而出现中文文件名乱码的问题,压缩工具_7zip,Utility,,,,,,Compression tool _7zip,"Cross-platform compression and decompression software, can be avoided at the time of decompression, the emergence of different platforms because Chinese file name garbled",Compression tool _7zip,Utility
klipper.desktop,剪貼簿_Klipper,KDE 上強大的剪貼簿軟體,剪貼簿_Klipper,剪贴板_Klipper,KDE上强大的剪贴板软件,剪贴板_Klipper,Utility,,,,,,Scrapbook _Klipper,KDE software on powerful clipboard,Clipboard _Klipper,Utility
org.kde.klipper.desktop,剪貼簿_Klipper,KDE 上強大的剪貼簿軟體,剪貼簿_Klipper,剪贴板_Klipper,KDE上强大的剪贴板软件,剪贴板_Klipper,Utility,,,,,,Scrapbook _Klipper,KDE software on powerful clipboard,Clipboard _Klipper,Utility
akonaditray.desktop,系統工具_Akonaditray,系統工具管理程式,系統工具_Akonaditray,系统工具_Akonaditray,系统工具管理程序,系统工具_Akonaditray,Utility,,,,,,System Tools _Akonaditray,System Tools manager,System Tools _Akonaditray,Utility
tomboy.desktop,筆記_Tomboy,類似便利貼，可用來記事的軟體,筆記_Tomboy,笔记_Tomboy,类似便利贴，可用来记事的软件,笔记_Tomboy,Utility,,,,,,Notes _Tomboy,"Similar sticky notes, jotting notes Software",Notes _Tomboy,Utility
gedit.desktop,文字編輯_gedit,文字檔編輯軟體,文字編輯_gedit,文字编辑_gedit,文本编辑软件,文字编辑_gedit,Utility,,,,,,Text editing _gedit,Text editing software,Text editing _gedit,Utility
gnome-screenshot.desktop,螢幕截圖_screenshot,可將桌面或使用中的視窗截取為圖片的軟體,螢幕截圖_screenshot,屏幕截图_screenshot,可将桌面或使用中的窗口截取为图片的软件,屏幕截图_screenshot,Utility,,,,,,Screenshot _screenshot,Desktop or use the window as an image of the software will intercept,Screenshot _screenshot,Utility
gcalctool.desktop,計算機_gcalctool,進行數字、科學或金融的計算,計算機_gcalctool,计算器_gcalctool,进行数字、科学或金融的计算,计算器_gcalctool,Utility,,,,,,Computer _gcalctool,"Digital, scientific or financial calculations",Calculator _gcalctool,Utility
convertall.desktop,單位換算_ConvertAll,單位換算軟體,單位換算_ConvertAll,单位换算_ConvertAll,单位换算软件,单位换算_ConvertAll,Utility,,,,,,Unit conversion _ConvertAll,Unit conversion software,Unit conversion _ConvertAll,Utility
python-whiteboard.desktop,電子白板_Whiteboard,wiimote 白板用的定位軟體,電子白板_Whiteboard,电子白板_Whiteboard,wiimote白板用的定位软件,电子白板_Whiteboard,Utility,,,,,,Whiteboard _Whiteboard,wiimote whiteboard software localization,Whiteboard _Whiteboard,Utility
gnome-terminal.desktop,終端機_Terminal,使用命令列來執行相關作業,終端機_Terminal,终端机_Terminal,使用命令列来执行相关作业,终端机_Terminal,Utility,,,,,,Terminal _Terminal,Use the command line to execute the relevant job,Terminal _Terminal,Utility
posterazor.desktop,分割列印_PosteRazor,可將大圖片或海報，分割各種尺寸的軟體,分割列印_PosteRazor,分割打印_PosteRazor,可将大图片或海报，分割各种尺寸的软件,分割打印_PosteRazor,Utility,,,,,,Split Print _PosteRazor,The big picture or poster can be split in various sizes software,Split printing _PosteRazor,Utility
simple-scan.desktop,簡易掃瞄_Simple Scan,用於掃描文件的軟體,簡易掃瞄_Simple Scan,简易扫瞄_SimpleScan,用于扫描文件的软件,简易扫瞄_SimpleScan,Utility,,,,,,Simple Scan _Simple Scan,Software for scanning documents,Simple Scan _SimpleScan,Utility
xsane.desktop,掃瞄器軟體_XSane,在Linux 下的支援多種掃瞄器驅動的軟體,掃瞄器軟體_XSane,扫瞄仪软件_XSane,在Linux下的支持多种扫瞄仪驱动的软件,扫描仪软件_XSane,Utility,,,,,,Scanner software _XSane,Under Linux supports multiple scanners Driven Software,Scanner Software _XSane,Utility
#ezgo工具箱,,,,,,,,,,,,,,,,
my_ezgo.desktop,我的 ezgo,可清楚的看到硬體、網路、可移除裝置及系統等相關資訊,我的 ezgo,我的 ezgo,可清楚的看到硬件、网络、可删除设备及系统等相关信息,我的 ezgo,myezgo,,,,,,My ezgo,"You can clearly see the hardware, network, systems and other related equipment and delete information",My ezgo,myezgo
ezgo_center.desktop,ezgo 服務中心,ezgo 相關服務連結,ezgo 服務中心,ezgo 服务中心,ezgo相关服务连结,ezgo 服务中心,myezgo,,,,,,ezgo service center,ezgo Services Links,ezgo service center,myezgo
ezinstall.desktop,ezgo 軟體中心,可以新增移除 ezgo 特別整理的軟體,ezgo 軟體中心,ezgo 软件中心,可以新增删除ezgo特别整理的软件,ezgo 软件中心,myezgo,,,,,,ezgo Software Center,Remove ezgo can add special finishing software,ezgo Software Center,myezgo
media_install_force.desktop,安裝第三方軟體,安裝常用的第三方軟體，例如 Flash 等,安裝第三方軟體,安装第三方软件,安装常用的第三方软件，例如 Flash 等,安装第三方软件,myezgo,,,,,,Install third-party software,"Install popular third-party software, such as Flash, etc.",Install third-party software,myezgo
media_install.desktop,安裝第三方軟體,安裝常用的第三方軟體，例如 Flash 等,安裝第三方軟體,安装第三方软件,安装常用的第三方软件，例如 Flash 等,安装第三方软件,myezgo,,,,,,Install third-party software,"Install popular third-party software, such as Flash, etc.",Install third-party software,myezgo
update_ezgo.desktop,ezgo 更新程式,將 ezgo 進行程式更新,ezgo 更新程式,ezgo 更新程序,将ezgo进行程序更新,ezgo 更新程序,myezgo,,,,,,ezgo update program,The program updates ezgo,ezgo Update,myezgo
recover.desktop,使用者還原設定,還原使用者在 ezgo 下的環境設定,使用者還原設定,用户还原设置,还原用户在ezgo下的环境设置,用户还原初始设置,myezgo,,,,,,Restore user settings,Restore user environment settings in the ezgo,The user to restore the initial settings,myezgo
skel.desktop,還原 ezgo 初始設定,將您的 ezgo 還原至安裝時的初始設定,還原 ezgo 初始設定,还原 ezgo 初始设置,将您的ezgo还原至安装时的初始设置,还原 ezgo 初始设置,myezgo,,,,,,Initial setting reduction ezgo,Your ezgo revert to the initial settings at installation,Restore initial settings ezgo,myezgo
#系統,,,,,,,,,,,,,,,,
freefilesync.desktop,檔案備份_FreeFileSync,很好用的檔案與資料夾同步備份軟體,檔案備份_FreeFileSync,文件备份_FreeFileSync,很好用的文件与数据夹同步备份软件,文件备份_FreeFileSync,System,,,,,,File backup _FreeFileSync,Good use of the file and folder synchronization backup software,File Backup _FreeFileSync,System
realtimesync.desktop,即時同步_RealTimeSync,很好用的檔案與資料夾同步備份軟體,即時同步_RealTimeSync,即时同步_RealTimeSync,很好用的文件与数据夹同步备份软件,即时同步_RealTimeSync,System,,,,,,Instant synchronization _RealTimeSync,Good use of the file and folder synchronization backup software,Instant synchronization _RealTimeSync,System
muon-installer.desktop,Muon 軟體中心,用於新增移除軟體的軟體中心,Muon 軟體中心,Muon 软件中心,用于新增或删除软件的软件中心,Muon软件中心,System,,,,,,Muon Software Center,Software Center to add or remove software,Muon Software Center,System
muon.desktop,套件管理員_Muon,用於新增移除軟體及程式套件的軟體中心,套件管理員_Muon,组件管理员_Muon,用于新增或删除软件及程序组件的软件中心,组件管理员_Muon,System,,,,,,Suite Administrator _Muon,Software Center for add or delete software and program components,Components Administrator _Muon,System
usb-creator-gtk.desktop,ezgo開機碟製作_usb-creator-gtk,ezgo開機碟製作程式,ezgo開機碟製作_usb-creator-gtk,ezgo开机U盘制作_usb-creator-gtk,ezgo开机U盘制作程序,ezgo开机U盘制作_usb-creator-gtk,System,,,,,,ezgo startup disk production _usb-creator-gtk,ezgo boot U disk production procedures,ezgo boot U disk production _usb-creator-gtk,System
usb-creator-kde.desktop,ezgo開機碟製作_usb-creator,ezgo開機碟製作程式,ezgo開機碟製作_usb-creator,ezgo开机U盘制作_usb-creator,ezgo开机U盘制作程序,ezgo开机U盘制作_usb-creator,System,,,,,,ezgo startup disk production _usb-creator,ezgo boot U disk production procedures,ezgo boot U disk production _usb-creator,System
unetbootin.desktop,Linux開機碟製作_UNetbootin,Linux開機碟製作程式,Linux開機碟製作_UNetbootin,Linux开机U盘制作_UNetbootin,Linux开机U盘制作程序,Linux开机U盘制作_UNetbootin,System,,,,,,Linux startup disk production _UNetbootin,Linux boot U disk production procedures,Linux boot U disk production _UNetbootin,System
partitionmanager.desktop,磁碟分割_KDE Partition Manager,可以輕鬆的管理您的磁碟、分割區與檔案系統,磁碟分割_KDE Partition Manager,磁盘分区管理_KDEPartitionManager,可以轻松管理您的磁盘、分区与文件系统,磁盘分区管理_KDEPartitionManager,System,,,,,,Partition _KDE Partition Manager,"You can easily manage your disks, partitions and file systems",Disk Partition Manager _KDEPartitionManager,System
org.kde.PartitionManager.desktop,磁碟分割_KDE Partition Manager,可以輕鬆的管理您的磁碟、分割區與檔案系統,磁碟分割_KDE Partition Manager,磁盘分区管理_KDEPartitionManager,可以轻松管理您的磁盘、分区与文件系统,磁盘分区管理_KDEPartitionManager,System,,,,,,Partition _KDE Partition Manager,"You can easily manage your disks, partitions and file systems",Disk Partition Manager _KDEPartitionManager,System
# gnome-disks.desktop: 20141107 added by Franklin,,,,,,,,,,,,,,,,
gnome-disks.desktop,磁碟管理_GnomeDisks,Gnome 上的磁碟管理程式,磁碟管理_GnomeDisks,磁碟管理_GnomeDisks,Gnome 上的磁碟管理软件,磁碟管理_GnomeDisks,System,,,,,,Disk Management _GnomeDisks,Disk management software on Gnome,Disk Management _GnomeDisks,System
konsole.desktop,終端機_Konsole,KDE 上的終端機模擬程式,終端機_Konsole,终端机_Konsole,KDE上的终端機仿真程序,终端机_Konsole,System,,,,,,Terminal _Konsole,Terminal emulation program on the KDE,Terminal _Konsole,System
org.kde.konsole.desktop,終端機_Konsole,KDE 上的終端機模擬程式,終端機_Konsole,终端机_Konsole,KDE上的终端機仿真程序,终端机_Konsole,System,,,,,,Terminal _Konsole,Terminal emulation program on the KDE,Terminal _Konsole,System
# lxterminal.desktop: 20141107 added by Franklin,,,,,,,,,,,,,,,,
lxterminal.desktop,終端機_Lxterminal,LXDE 上的終端機模擬程式,終端機_Lxterminal,终端机_Lxterminal,LXDE 上的终端机仿真程序,终端机_Lxterminal,System,,,,,,Terminal _Lxterminal,Terminal emulation program on the LXDE,Terminal _Lxterminal,System
dolphin.desktop,檔案總管_Dolphin,類似 Windows 下的檔案總管，可查看及管理資料夾中的檔案,檔案總管_Dolphin,文件总管_Dolphin,类似Windows下的资源管理器，可以查看及管理数据夹中的文件,文件总管_Dolphin,Utility,Qt,KDE,System,FileTools,FileManager,Explorer _Dolphin,"Explorer-like under Windows, you can view and manage data in a folder",File Browser _Dolphin,Utility
org.kde.dolphin.desktop,檔案總管_Dolphin,類似 Windows 下的檔案總管，可查看及管理資料夾中的檔案,檔案總管_Dolphin,文件总管_Dolphin,类似Windows下的资源管理器，可以查看及管理数据夹中的文件,文件总管_Dolphin,Utility,Qt,KDE,System,FileTools,FileManager,Explorer _Dolphin,"Explorer-like under Windows, you can view and manage data in a folder",File Browser _Dolphin,Utility
# pcmanfm: 20141106 added by Franklin,,,,,,,,,,,,,,,,
pcmanfm.desktop,檔案總管_PCManFM,類似 Windows 下的檔案總管，可查看及管理資料夾中的檔案,檔案總管_PCManFM,文件总管_PCManFM,类似Windows下的资源管理器，可以查看及管理数据夹中的文件,文件总管_PCManFM,FileManager,Utility,System,,,,Explorer _PCManFM,"Explorer-like under Windows, you can view and manage data in a folder",File Browser _PCManFM,FileManager
krandrtray.desktop,螢幕設定_KrandRTray,可調整螢幕大小及相關設定,螢幕設定_KrandRTray,屏幕设置_KrandRTray,可以调整屏幕分辨率及相关设置,屏幕设置_KrandRTray,System,,,,,,Screen settings _KrandRTray,You can adjust the screen resolution and settings,Screen settings _KrandRTray,System
my-computer.desktop,系統資訊_My Computer,可清楚的看到硬體、網路、可移除裝置及系統等相關資訊,系統資訊_My Computer,系统信息_MyComputer,可以清楚地看到硬件、网络、可删除设备及系统等相关信息,系统信息_MyComputer,System,,,,,,_My Computer Information Systems,"You can clearly see the hardware, network, systems and other related equipment and delete information",System Information _MyComputer,System
ksystemlog.desktop,系統紀錄_KsystemLog,完整的系統紀錄列表,系統紀錄_KsystemLog,系统纪录_KsystemLog,可以查看完整的系统日志信息,系统纪录_KsystemLog,System,,,,,,System Log _KsystemLog,You can view the complete log information system,System Log _KsystemLog,System
ksysguard.desktop,系統監視器_Ksysguard,顯示系統軟體執行現況,系統監視器_Ksysguard,系统监视器_Ksysguard,可以查看系统软件执行实时状况,系统监视器_Ksysguard,System,,,,,,System Monitor _Ksysguard,You can view the system software to perform real-time status,System Monitor _Ksysguard,System
org.kde.ksysguard.desktop,系統監視器_Ksysguard,顯示系統軟體執行現況,系統監視器_Ksysguard,系统监视器_Ksysguard,可以查看系统软件执行实时状况,系统监视器_Ksysguard,System,,,,,,System Monitor _Ksysguard,You can view the system software to perform real-time status,System Monitor _Ksysguard,System
kinfocenter.desktop,系統資訊_Kinfocenter,顯示系統相關資訊,系統資訊_Kinfocenter,系统信息_Kinfocenter,可以显示电脑系统相关信息,系统信息_Kinfocenter,System,,,,,,System Information _Kinfocenter,It can display information about the computer system,System Information _Kinfocenter,System
org.kde.kinfocenter.desktop,系統資訊_Kinfocenter,顯示系統相關資訊,系統資訊_Kinfocenter,系统信息_Kinfocenter,可以显示电脑系统相关信息,系统信息_Kinfocenter,System,,,,,,System Information _Kinfocenter,It can display information about the computer system,System Information _Kinfocenter,System
jockey-kde.desktop,額外驅動程式_jockey-kde,可以檢視及安裝額外的驅動程式,額外驅動程式_jockey-kde,额外驱动程序_jockey-kde,可以查看及安装额外的驱动程序,额外驱动程序_jockey-kde,System,,,,,,Additional drivers _jockey-kde,You can view and install additional drivers,Additional drivers _jockey-kde,System
nepomukbackup.desktop,備份工具_Nepomuk Backup,系統備份工具,備份工具_Nepomuk Backup,备份工具_NepomukBackup,系统备份工具,备份工具_NepomukBackup,System,,,,,,_Nepomuk Backup backup tool,System backup tool,Backup tool _NepomukBackup,System
nepomukcontroller.desktop,備份工具_Nepomuk Controller,系統備份主控台,備份工具_Nepomuk Controller,备份工具_NepomukController,系统备份主控台,备份工具_NepomukController,System,,,,,,Backup tool _Nepomuk Controller,System Backup console,Backup tool _NepomukController,System
grub-customizer.desktop,開機設定_Grub Customizer,可以調整開機選單的順序等等的工具,開機設定_Grub Customizer,开机設定_Grub Customizer,可以调整 Grub 开机設定的工具,开机設定,System,,,,,,Boot configuration _Grub Customizer,You can adjust the Grub boot tool set,Boot configuration,System
boot-repair.desktop,開機修復_Boot Repair,可以修復開機選單的工具,開機修復_Boot Repair,开机修复_Boot Repair,可以修复开机选单的工具,开机修复_Boot Repair,System,,,,,,Boot repair _Boot Repair,Tool can repair the boot menu,Boot repair _Boot Repair,System
#設定,,,,,,,,,,,,,,,,
systemsettings.desktop,系統設定_System Settings,類似 Windows 下的控制台，可以進行 ezgo 各項系統環境設定,系統設定_System Settings,系统设置_SystemSettings,类似Windows下的控制面板，可以进行ezgo各项系统环境设置,系统设置_SystemSettings,Settings,,,,,,System Settings _System Settings,"Similar control panel under Windows, the system can be ezgo environment settings",System Settings _SystemSettings,Settings
hime-setup.desktop,輸入法設定_hime,中文輸入法相關設定,輸入法設定_hime ,输入法设置_hime,中文输入法相关设置,输入法设置_hime,Settings,,,,,,Input settings _hime,Chinese input method settings,Setting _hime input method,Settings
fcitx-configtool.desktop,輸入法設定_Fcitx,Fcitx 輸入法相關設定,輸入法設定_Fcitx,输入法设定_fcitx,Fcitx 输入法相关设定,输入法设定_Fcitx,Settings,,,,,,Input settings _Fcitx,Fcitx IME-related settings,Input settings _Fcitx,Settings
ibus-setup.desktop,輸入法設定_ibus,ibus 輸入法相關設定,輸入法設定_ibus,输入法设定_ibus,ibus 输入法相关设定,输入法设定_ibus,Settings,,,,,,Input settings _ibus,ibus input method related settings,Input settings _ibus,Settings
qtconfig-qt4.desktop,Qt 4 設定_qtconfig-qt4,Qt 4 相關設定,Qt 4 設定_qtconfig-qt4,Qt 4 设置_qtconfig-qt4,Qt4相关设置,Qt4设置_qtconfig-qt4,Settings,,,,,,Qt 4 is set _qtconfig-qt4,Qt4-related settings,Qt4 setting _qtconfig-qt4,Settings
xinput_calibrator.desktop,觸控螢幕設定_Calibrate Touchscreen,觸控螢幕相關設定,觸控螢幕設定_Calibrate Touchscreen,触控屏幕设置_CalibrateTouchscreen,触控屏幕相关设置,触控屏幕设置_CalibrateTouchscreen,Settings,,,,,,Touchscreen set _Calibrate Touchscreen,Touch screen settings,Touch screen settings _CalibrateTouchscreen,Settings
#ezgomenu end,,,,,,,,,,,,,,,,
